location,Revenue,Date
albuquerque,6954,2024-01-01
albuquerque,9610,2024-01-02
albuquerque,10286,2024-01-03
albuquerque,8403,2024-01-04
albuquerque,4873,2024-01-05
albuquerque,3914,2024-01-06
albuquerque,5145,2024-01-07
albuquerque,7089,2024-01-08
albuquerque,9373,2024-01-09
albuquerque,10074,2024-01-10
albuquerque,8690,2024-01-11
albuquerque,5610,2024-01-12
albuquerque,3531,2024-01-13
albuquerque,4512,2024-01-14
albuquerque,6381,2024-01-15
albuquerque,9940,2024-01-16
albuquerque,10455,2024-01-17
albuquerque,8207,2024-01-18
albuquerque,5064,2024-01-19
albuquerque,3652,2024-01-20
albuquerque,4708,2024-01-21
albuquerque,6932,2024-01-22
albuquerque,9458,2024-01-23
albuquerque,10441,2024-01-24
albuquerque,9052,2024-01-25
albuquerque,5623,2024-01-26
albuquerque,3778,2024-01-27
albuquerque,4653,2024-01-28
albuquerque,7142,2024-01-29
albuquerque,9479,2024-01-30
albuquerque,9861,2024-01-31
albuquerque,8230,2024-02-01
albuquerque,5163,2024-02-02
albuquerque,3814,2024-02-03
albuquerque,4526,2024-02-04
albuquerque,7053,2024-02-05
albuquerque,9333,2024-02-06
albuquerque,10920,2024-02-07
albuquerque,8381,2024-02-08
albuquerque,5675,2024-02-09
albuquerque,3631,2024-02-10
albuquerque,4349,2024-02-11
albuquerque,7170,2024-02-12
albuquerque,9505,2024-02-13
albuquerque,10776,2024-02-14
albuquerque,8032,2024-02-15
albuquerque,5182,2024-02-16
albuquerque,4004,2024-02-17
albuquerque,4463,2024-02-18
albuquerque,7762,2024-02-19
albuquerque,9734,2024-02-20
albuquerque,10894,2024-02-21
albuquerque,7949,2024-02-22
albuquerque,5070,2024-02-23
albuquerque,3885,2024-02-24
albuquerque,3764,2024-02-25
albuquerque,6941,2024-02-26
albuquerque,10064,2024-02-27
albuquerque,10534,2024-02-28
albuquerque,8509,2024-02-29
albuquerque,5359,2024-03-01
albuquerque,3677,2024-03-02
albuquerque,4459,2024-03-03
albuquerque,6802,2024-03-04
albuquerque,9825,2024-03-05
albuquerque,10708,2024-03-06
albuquerque,8439,2024-03-07
albuquerque,5514,2024-03-08
albuquerque,3761,2024-03-09
albuquerque,4452,2024-03-10
albuquerque,7264,2024-03-11
albuquerque,9409,2024-03-12
albuquerque,10225,2024-03-13
albuquerque,8358,2024-03-14
albuquerque,5223,2024-03-15
albuquerque,3077,2024-03-16
albuquerque,3310,2024-03-17
albuquerque,7359,2024-03-18
albuquerque,9248,2024-03-19
albuquerque,10854,2024-03-20
albuquerque,8728,2024-03-21
albuquerque,5372,2024-03-22
albuquerque,3801,2024-03-23
albuquerque,4414,2024-03-24
albuquerque,6669,2024-03-25
albuquerque,9709,2024-03-26
albuquerque,10090,2024-03-27
albuquerque,8702,2024-03-28
albuquerque,5279,2024-03-29
albuquerque,3587,2024-03-30
atlanta,7758,2024-01-01
atlanta,7613,2024-01-02
atlanta,8697,2024-01-03
atlanta,7690,2024-01-04
atlanta,6165,2024-01-05
atlanta,4406,2024-01-06
atlanta,4834,2024-01-07
atlanta,5957,2024-01-08
atlanta,7878,2024-01-09
atlanta,9196,2024-01-10
atlanta,6898,2024-01-11
atlanta,5219,2024-01-12
atlanta,4463,2024-01-13
atlanta,4101,2024-01-14
atlanta,7506,2024-01-15
atlanta,9228,2024-01-16
atlanta,8122,2024-01-17
atlanta,7143,2024-01-18
atlanta,4224,2024-01-19
atlanta,3735,2024-01-20
atlanta,5092,2024-01-21
atlanta,6361,2024-01-22
atlanta,8795,2024-01-23
atlanta,8150,2024-01-24
atlanta,8124,2024-01-25
atlanta,5206,2024-01-26
atlanta,4186,2024-01-27
atlanta,4605,2024-01-28
atlanta,5875,2024-01-29
atlanta,7880,2024-01-30
atlanta,9562,2024-01-31
atlanta,7898,2024-02-01
atlanta,6116,2024-02-02
atlanta,4363,2024-02-03
atlanta,4739,2024-02-04
atlanta,5617,2024-02-05
atlanta,8381,2024-02-06
atlanta,8997,2024-02-07
atlanta,8779,2024-02-08
atlanta,5910,2024-02-09
atlanta,5050,2024-02-10
atlanta,4997,2024-02-11
atlanta,6193,2024-02-12
atlanta,8601,2024-02-13
atlanta,9147,2024-02-14
atlanta,7139,2024-02-15
atlanta,5302,2024-02-16
atlanta,4062,2024-02-17
atlanta,5568,2024-02-18
atlanta,5416,2024-02-19
atlanta,9218,2024-02-20
atlanta,8482,2024-02-21
atlanta,6894,2024-02-22
atlanta,6189,2024-02-23
atlanta,4594,2024-02-24
atlanta,5369,2024-02-25
atlanta,7050,2024-02-26
atlanta,9702,2024-02-27
atlanta,9330,2024-02-28
atlanta,7583,2024-02-29
atlanta,5715,2024-03-01
atlanta,4884,2024-03-02
atlanta,4216,2024-03-03
atlanta,6226,2024-03-04
atlanta,8359,2024-03-05
atlanta,7820,2024-03-06
atlanta,7750,2024-03-07
atlanta,4451,2024-03-08
atlanta,4209,2024-03-09
atlanta,5148,2024-03-10
atlanta,6326,2024-03-11
atlanta,9485,2024-03-12
atlanta,8185,2024-03-13
atlanta,8347,2024-03-14
atlanta,5903,2024-03-15
atlanta,3206,2024-03-16
atlanta,6195,2024-03-17
atlanta,6560,2024-03-18
atlanta,8037,2024-03-19
atlanta,8215,2024-03-20
atlanta,7547,2024-03-21
atlanta,5448,2024-03-22
atlanta,4237,2024-03-23
atlanta,4489,2024-03-24
atlanta,6955,2024-03-25
atlanta,8314,2024-03-26
atlanta,7916,2024-03-27
atlanta,7587,2024-03-28
atlanta,4178,2024-03-29
atlanta,4380,2024-03-30
austin,11855,2024-01-01
austin,15408,2024-01-02
austin,16997,2024-01-03
austin,13721,2024-01-04
austin,9891,2024-01-05
austin,7937,2024-01-06
austin,8107,2024-01-07
austin,13518,2024-01-08
austin,15224,2024-01-09
austin,17013,2024-01-10
austin,14267,2024-01-11
austin,9729,2024-01-12
austin,8085,2024-01-13
austin,9456,2024-01-14
austin,12135,2024-01-15
austin,16434,2024-01-16
austin,17143,2024-01-17
austin,14756,2024-01-18
austin,10090,2024-01-19
austin,7346,2024-01-20
austin,8494,2024-01-21
austin,12400,2024-01-22
austin,15989,2024-01-23
austin,14947,2024-01-24
austin,14118,2024-01-25
austin,10515,2024-01-26
austin,7898,2024-01-27
austin,9805,2024-01-28
austin,12555,2024-01-29
austin,16515,2024-01-30
austin,16292,2024-01-31
austin,14768,2024-02-01
austin,11532,2024-02-02
austin,8992,2024-02-03
austin,8165,2024-02-04
austin,12090,2024-02-05
austin,15376,2024-02-06
austin,16777,2024-02-07
austin,14596,2024-02-08
austin,9830,2024-02-09
austin,8136,2024-02-10
austin,7527,2024-02-11
austin,13257,2024-02-12
austin,15261,2024-02-13
austin,16479,2024-02-14
austin,13910,2024-02-15
austin,11195,2024-02-16
austin,6137,2024-02-17
austin,8905,2024-02-18
austin,12192,2024-02-19
austin,15301,2024-02-20
austin,17628,2024-02-21
austin,13513,2024-02-22
austin,10938,2024-02-23
austin,8334,2024-02-24
austin,9784,2024-02-25
austin,11806,2024-02-26
austin,15109,2024-02-27
austin,17195,2024-02-28
austin,14416,2024-02-29
austin,9344,2024-03-01
austin,7718,2024-03-02
austin,9182,2024-03-03
austin,12841,2024-03-04
austin,15146,2024-03-05
austin,14436,2024-03-06
austin,14483,2024-03-07
austin,9567,2024-03-08
austin,6701,2024-03-09
austin,6968,2024-03-10
austin,12825,2024-03-11
austin,15702,2024-03-12
austin,16285,2024-03-13
austin,15079,2024-03-14
austin,10845,2024-03-15
austin,9201,2024-03-16
austin,7958,2024-03-17
austin,12241,2024-03-18
austin,14501,2024-03-19
austin,16283,2024-03-20
austin,13952,2024-03-21
austin,10838,2024-03-22
austin,8121,2024-03-23
austin,9345,2024-03-24
austin,12749,2024-03-25
austin,17096,2024-03-26
austin,16224,2024-03-27
austin,13476,2024-03-28
austin,10576,2024-03-29
austin,7537,2024-03-30
baltimore,7460,2024-01-01
baltimore,10540,2024-01-02
baltimore,10325,2024-01-03
baltimore,8221,2024-01-04
baltimore,4616,2024-01-05
baltimore,3561,2024-01-06
baltimore,4754,2024-01-07
baltimore,6724,2024-01-08
baltimore,9789,2024-01-09
baltimore,11553,2024-01-10
baltimore,8890,2024-01-11
baltimore,5495,2024-01-12
baltimore,2435,2024-01-13
baltimore,4296,2024-01-14
baltimore,6358,2024-01-15
baltimore,9257,2024-01-16
baltimore,10472,2024-01-17
baltimore,8239,2024-01-18
baltimore,5103,2024-01-19
baltimore,2286,2024-01-20
baltimore,4462,2024-01-21
baltimore,7584,2024-01-22
baltimore,8772,2024-01-23
baltimore,11262,2024-01-24
baltimore,8105,2024-01-25
baltimore,5746,2024-01-26
baltimore,3104,2024-01-27
baltimore,3908,2024-01-28
baltimore,6802,2024-01-29
baltimore,10655,2024-01-30
baltimore,9940,2024-01-31
baltimore,8951,2024-02-01
baltimore,5892,2024-02-02
baltimore,3572,2024-02-03
baltimore,5277,2024-02-04
baltimore,6597,2024-02-05
baltimore,10504,2024-02-06
baltimore,10616,2024-02-07
baltimore,9324,2024-02-08
baltimore,5231,2024-02-09
baltimore,2914,2024-02-10
baltimore,4669,2024-02-11
baltimore,6619,2024-02-12
baltimore,9091,2024-02-13
baltimore,10371,2024-02-14
baltimore,8957,2024-02-15
baltimore,6065,2024-02-16
baltimore,3211,2024-02-17
baltimore,4677,2024-02-18
baltimore,6103,2024-02-19
baltimore,9669,2024-02-20
baltimore,10507,2024-02-21
baltimore,8520,2024-02-22
baltimore,5286,2024-02-23
baltimore,3557,2024-02-24
baltimore,3626,2024-02-25
baltimore,6995,2024-02-26
baltimore,9906,2024-02-27
baltimore,10127,2024-02-28
baltimore,8521,2024-02-29
baltimore,5150,2024-03-01
baltimore,3046,2024-03-02
baltimore,3910,2024-03-03
baltimore,6957,2024-03-04
baltimore,9675,2024-03-05
baltimore,11438,2024-03-06
baltimore,7892,2024-03-07
baltimore,4806,2024-03-08
baltimore,4802,2024-03-09
baltimore,3272,2024-03-10
baltimore,6105,2024-03-11
baltimore,10371,2024-03-12
baltimore,9441,2024-03-13
baltimore,8448,2024-03-14
baltimore,6514,2024-03-15
baltimore,2224,2024-03-16
baltimore,2710,2024-03-17
baltimore,6018,2024-03-18
baltimore,10468,2024-03-19
baltimore,11349,2024-03-20
baltimore,8283,2024-03-21
baltimore,5643,2024-03-22
baltimore,3973,2024-03-23
baltimore,4956,2024-03-24
baltimore,6765,2024-03-25
baltimore,8561,2024-03-26
baltimore,10190,2024-03-27
baltimore,8334,2024-03-28
baltimore,5081,2024-03-29
baltimore,3033,2024-03-30
boston,13390,2024-01-01
boston,15202,2024-01-02
boston,15798,2024-01-03
boston,14845,2024-01-04
boston,12354,2024-01-05
boston,10318,2024-01-06
boston,9325,2024-01-07
boston,12472,2024-01-08
boston,16007,2024-01-09
boston,14731,2024-01-10
boston,15378,2024-01-11
boston,12769,2024-01-12
boston,10541,2024-01-13
boston,11471,2024-01-14
boston,13686,2024-01-15
boston,15516,2024-01-16
boston,15236,2024-01-17
boston,15233,2024-01-18
boston,13017,2024-01-19
boston,9707,2024-01-20
boston,10131,2024-01-21
boston,13242,2024-01-22
boston,15176,2024-01-23
boston,16249,2024-01-24
boston,15394,2024-01-25
boston,10580,2024-01-26
boston,11568,2024-01-27
boston,10801,2024-01-28
boston,13674,2024-01-29
boston,16007,2024-01-30
boston,16643,2024-01-31
boston,14629,2024-02-01
boston,12275,2024-02-02
boston,10706,2024-02-03
boston,10652,2024-02-04
boston,12160,2024-02-05
boston,14781,2024-02-06
boston,16083,2024-02-07
boston,14063,2024-02-08
boston,11555,2024-02-09
boston,11714,2024-02-10
boston,11645,2024-02-11
boston,13165,2024-02-12
boston,16042,2024-02-13
boston,15872,2024-02-14
boston,14662,2024-02-15
boston,12373,2024-02-16
boston,10235,2024-02-17
boston,10615,2024-02-18
boston,14149,2024-02-19
boston,16004,2024-02-20
boston,14649,2024-02-21
boston,14142,2024-02-22
boston,11557,2024-02-23
boston,10099,2024-02-24
boston,11647,2024-02-25
boston,13346,2024-02-26
boston,14667,2024-02-27
boston,15897,2024-02-28
boston,14949,2024-02-29
boston,11932,2024-03-01
boston,10084,2024-03-02
boston,11293,2024-03-03
boston,14412,2024-03-04
boston,15902,2024-03-05
boston,17020,2024-03-06
boston,14203,2024-03-07
boston,12073,2024-03-08
boston,10494,2024-03-09
boston,11151,2024-03-10
boston,13627,2024-03-11
boston,14981,2024-03-12
boston,16584,2024-03-13
boston,13502,2024-03-14
boston,11187,2024-03-15
boston,11938,2024-03-16
boston,10732,2024-03-17
boston,13820,2024-03-18
boston,16727,2024-03-19
boston,14609,2024-03-20
boston,15339,2024-03-21
boston,12511,2024-03-22
boston,11608,2024-03-23
boston,10284,2024-03-24
boston,14301,2024-03-25
boston,15101,2024-03-26
boston,16856,2024-03-27
boston,14564,2024-03-28
boston,12592,2024-03-29
boston,10546,2024-03-30
charlotte,10489,2024-01-01
charlotte,12874,2024-01-02
charlotte,15427,2024-01-03
charlotte,12035,2024-01-04
charlotte,9106,2024-01-05
charlotte,7141,2024-01-06
charlotte,8208,2024-01-07
charlotte,11987,2024-01-08
charlotte,13219,2024-01-09
charlotte,14397,2024-01-10
charlotte,12670,2024-01-11
charlotte,8997,2024-01-12
charlotte,7334,2024-01-13
charlotte,8527,2024-01-14
charlotte,10628,2024-01-15
charlotte,13681,2024-01-16
charlotte,14330,2024-01-17
charlotte,12549,2024-01-18
charlotte,9596,2024-01-19
charlotte,7824,2024-01-20
charlotte,9251,2024-01-21
charlotte,9602,2024-01-22
charlotte,13773,2024-01-23
charlotte,13827,2024-01-24
charlotte,12397,2024-01-25
charlotte,9940,2024-01-26
charlotte,8153,2024-01-27
charlotte,8877,2024-01-28
charlotte,11701,2024-01-29
charlotte,13770,2024-01-30
charlotte,15316,2024-01-31
charlotte,13465,2024-02-01
charlotte,9540,2024-02-02
charlotte,8142,2024-02-03
charlotte,8229,2024-02-04
charlotte,11795,2024-02-05
charlotte,13777,2024-02-06
charlotte,14234,2024-02-07
charlotte,12001,2024-02-08
charlotte,9372,2024-02-09
charlotte,7553,2024-02-10
charlotte,7697,2024-02-11
charlotte,10900,2024-02-12
charlotte,13580,2024-02-13
charlotte,13982,2024-02-14
charlotte,13163,2024-02-15
charlotte,10118,2024-02-16
charlotte,8064,2024-02-17
charlotte,8161,2024-02-18
charlotte,11023,2024-02-19
charlotte,13291,2024-02-20
charlotte,14786,2024-02-21
charlotte,12696,2024-02-22
charlotte,10998,2024-02-23
charlotte,8094,2024-02-24
charlotte,8376,2024-02-25
charlotte,11013,2024-02-26
charlotte,14403,2024-02-27
charlotte,14069,2024-02-28
charlotte,13219,2024-02-29
charlotte,8879,2024-03-01
charlotte,7205,2024-03-02
charlotte,7216,2024-03-03
charlotte,11366,2024-03-04
charlotte,13998,2024-03-05
charlotte,14260,2024-03-06
charlotte,12104,2024-03-07
charlotte,10208,2024-03-08
charlotte,7436,2024-03-09
charlotte,7793,2024-03-10
charlotte,12071,2024-03-11
charlotte,13510,2024-03-12
charlotte,15176,2024-03-13
charlotte,11984,2024-03-14
charlotte,9274,2024-03-15
charlotte,7778,2024-03-16
charlotte,8175,2024-03-17
charlotte,11166,2024-03-18
charlotte,13573,2024-03-19
charlotte,13701,2024-03-20
charlotte,13395,2024-03-21
charlotte,9208,2024-03-22
charlotte,7663,2024-03-23
charlotte,8585,2024-03-24
charlotte,11201,2024-03-25
charlotte,13482,2024-03-26
charlotte,15187,2024-03-27
charlotte,12882,2024-03-28
charlotte,9572,2024-03-29
charlotte,7602,2024-03-30
chicago,5989,2024-01-01
chicago,9069,2024-01-02
chicago,10212,2024-01-03
chicago,7674,2024-01-04
chicago,3861,2024-01-05
chicago,808,2024-01-06
chicago,1302,2024-01-07
chicago,5504,2024-01-08
chicago,9360,2024-01-09
chicago,10305,2024-01-10
chicago,8169,2024-01-11
chicago,2922,2024-01-12
chicago,1250,2024-01-13
chicago,1949,2024-01-14
chicago,6009,2024-01-15
chicago,9415,2024-01-16
chicago,10507,2024-01-17
chicago,7301,2024-01-18
chicago,3226,2024-01-19
chicago,849,2024-01-20
chicago,2117,2024-01-21
chicago,5217,2024-01-22
chicago,9450,2024-01-23
chicago,10506,2024-01-24
chicago,7314,2024-01-25
chicago,3628,2024-01-26
chicago,411,2024-01-27
chicago,1580,2024-01-28
chicago,5453,2024-01-29
chicago,9297,2024-01-30
chicago,10558,2024-01-31
chicago,7739,2024-02-01
chicago,3281,2024-02-02
chicago,409,2024-02-03
chicago,1766,2024-02-04
chicago,6211,2024-02-05
chicago,9632,2024-02-06
chicago,10919,2024-02-07
chicago,7316,2024-02-08
chicago,3472,2024-02-09
chicago,276,2024-02-10
chicago,1119,2024-02-11
chicago,5350,2024-02-12
chicago,10011,2024-02-13
chicago,10903,2024-02-14
chicago,7904,2024-02-15
chicago,2864,2024-02-16
chicago,601,2024-02-17
chicago,1759,2024-02-18
chicago,5679,2024-02-19
chicago,8918,2024-02-20
chicago,10240,2024-02-21
chicago,7794,2024-02-22
chicago,3608,2024-02-23
chicago,0,2024-02-24
chicago,1592,2024-02-25
chicago,5667,2024-02-26
chicago,9887,2024-02-27
chicago,10810,2024-02-28
chicago,8026,2024-02-29
chicago,3127,2024-03-01
chicago,0,2024-03-02
chicago,1509,2024-03-03
chicago,5977,2024-03-04
chicago,10083,2024-03-05
chicago,10817,2024-03-06
chicago,7971,2024-03-07
chicago,3552,2024-03-08
chicago,471,2024-03-09
chicago,1604,2024-03-10
chicago,6217,2024-03-11
chicago,9242,2024-03-12
chicago,11142,2024-03-13
chicago,7701,2024-03-14
chicago,3892,2024-03-15
chicago,165,2024-03-16
chicago,1861,2024-03-17
chicago,5351,2024-03-18
chicago,9072,2024-03-19
chicago,10640,2024-03-20
chicago,8180,2024-03-21
chicago,3111,2024-03-22
chicago,132,2024-03-23
chicago,1617,2024-03-24
chicago,5585,2024-03-25
chicago,9779,2024-03-26
chicago,10903,2024-03-27
chicago,7795,2024-03-28
chicago,4083,2024-03-29
chicago,752,2024-03-30
columbus,11284,2024-01-01
columbus,12963,2024-01-02
columbus,13959,2024-01-03
columbus,13088,2024-01-04
columbus,10445,2024-01-05
columbus,8934,2024-01-06
columbus,9732,2024-01-07
columbus,11731,2024-01-08
columbus,13369,2024-01-09
columbus,14322,2024-01-10
columbus,12330,2024-01-11
columbus,10417,2024-01-12
columbus,9304,2024-01-13
columbus,9797,2024-01-14
columbus,11561,2024-01-15
columbus,13017,2024-01-16
columbus,14615,2024-01-17
columbus,12511,2024-01-18
columbus,10541,2024-01-19
columbus,9405,2024-01-20
columbus,9474,2024-01-21
columbus,11564,2024-01-22
columbus,13206,2024-01-23
columbus,14011,2024-01-24
columbus,12498,2024-01-25
columbus,10591,2024-01-26
columbus,8882,2024-01-27
columbus,9413,2024-01-28
columbus,11117,2024-01-29
columbus,13195,2024-01-30
columbus,13073,2024-01-31
columbus,12489,2024-02-01
columbus,10339,2024-02-02
columbus,9258,2024-02-03
columbus,9688,2024-02-04
columbus,11941,2024-02-05
columbus,14233,2024-02-06
columbus,14238,2024-02-07
columbus,12443,2024-02-08
columbus,10352,2024-02-09
columbus,9484,2024-02-10
columbus,9145,2024-02-11
columbus,11447,2024-02-12
columbus,13344,2024-02-13
columbus,14064,2024-02-14
columbus,12778,2024-02-15
columbus,10273,2024-02-16
columbus,9081,2024-02-17
columbus,9813,2024-02-18
columbus,11295,2024-02-19
columbus,13797,2024-02-20
columbus,14072,2024-02-21
columbus,12639,2024-02-22
columbus,10630,2024-02-23
columbus,9064,2024-02-24
columbus,9477,2024-02-25
columbus,11413,2024-02-26
columbus,13575,2024-02-27
columbus,13944,2024-02-28
columbus,12452,2024-02-29
columbus,10742,2024-03-01
columbus,9156,2024-03-02
columbus,9456,2024-03-03
columbus,11626,2024-03-04
columbus,13100,2024-03-05
columbus,13351,2024-03-06
columbus,12584,2024-03-07
columbus,10300,2024-03-08
columbus,9131,2024-03-09
columbus,9370,2024-03-10
columbus,11926,2024-03-11
columbus,13211,2024-03-12
columbus,13745,2024-03-13
columbus,12704,2024-03-14
columbus,10075,2024-03-15
columbus,8756,2024-03-16
columbus,9793,2024-03-17
columbus,11406,2024-03-18
columbus,13135,2024-03-19
columbus,14070,2024-03-20
columbus,12330,2024-03-21
columbus,10421,2024-03-22
columbus,8930,2024-03-23
columbus,9769,2024-03-24
columbus,11964,2024-03-25
columbus,12834,2024-03-26
columbus,13916,2024-03-27
columbus,12854,2024-03-28
columbus,10375,2024-03-29
columbus,8856,2024-03-30
dallas,15054,2024-01-01
dallas,16706,2024-01-02
dallas,17819,2024-01-03
dallas,16066,2024-01-04
dallas,13359,2024-01-05
dallas,12439,2024-01-06
dallas,12331,2024-01-07
dallas,15234,2024-01-08
dallas,16100,2024-01-09
dallas,17868,2024-01-10
dallas,16042,2024-01-11
dallas,13582,2024-01-12
dallas,12645,2024-01-13
dallas,13018,2024-01-14
dallas,15421,2024-01-15
dallas,17421,2024-01-16
dallas,17445,2024-01-17
dallas,15463,2024-01-18
dallas,13398,2024-01-19
dallas,12239,2024-01-20
dallas,13295,2024-01-21
dallas,14552,2024-01-22
dallas,16597,2024-01-23
dallas,18172,2024-01-24
dallas,15836,2024-01-25
dallas,13353,2024-01-26
dallas,12652,2024-01-27
dallas,12742,2024-01-28
dallas,14099,2024-01-29
dallas,17285,2024-01-30
dallas,16911,2024-01-31
dallas,15908,2024-02-01
dallas,13628,2024-02-02
dallas,12386,2024-02-03
dallas,11705,2024-02-04
dallas,14611,2024-02-05
dallas,17325,2024-02-06
dallas,17889,2024-02-07
dallas,15405,2024-02-08
dallas,14109,2024-02-09
dallas,11904,2024-02-10
dallas,12587,2024-02-11
dallas,14618,2024-02-12
dallas,16831,2024-02-13
dallas,17760,2024-02-14
dallas,16015,2024-02-15
dallas,13600,2024-02-16
dallas,12744,2024-02-17
dallas,12379,2024-02-18
dallas,14736,2024-02-19
dallas,17263,2024-02-20
dallas,17531,2024-02-21
dallas,15660,2024-02-22
dallas,12926,2024-02-23
dallas,12425,2024-02-24
dallas,12002,2024-02-25
dallas,14671,2024-02-26
dallas,17352,2024-02-27
dallas,17564,2024-02-28
dallas,14903,2024-02-29
dallas,13759,2024-03-01
dallas,12119,2024-03-02
dallas,12150,2024-03-03
dallas,14937,2024-03-04
dallas,16540,2024-03-05
dallas,17038,2024-03-06
dallas,15947,2024-03-07
dallas,13357,2024-03-08
dallas,12321,2024-03-09
dallas,12481,2024-03-10
dallas,14512,2024-03-11
dallas,17261,2024-03-12
dallas,17806,2024-03-13
dallas,15056,2024-03-14
dallas,14025,2024-03-15
dallas,12954,2024-03-16
dallas,13526,2024-03-17
dallas,15027,2024-03-18
dallas,16265,2024-03-19
dallas,17580,2024-03-20
dallas,15464,2024-03-21
dallas,13495,2024-03-22
dallas,12460,2024-03-23
dallas,12378,2024-03-24
dallas,14217,2024-03-25
dallas,17005,2024-03-26
dallas,18181,2024-03-27
dallas,16491,2024-03-28
dallas,14005,2024-03-29
dallas,12750,2024-03-30
denver,14887,2024-01-01
denver,17612,2024-01-02
denver,19698,2024-01-03
denver,17705,2024-01-04
denver,12721,2024-01-05
denver,10193,2024-01-06
denver,11126,2024-01-07
denver,13939,2024-01-08
denver,18936,2024-01-09
denver,18118,2024-01-10
denver,16092,2024-01-11
denver,13170,2024-01-12
denver,8923,2024-01-13
denver,8768,2024-01-14
denver,15942,2024-01-15
denver,18907,2024-01-16
denver,20082,2024-01-17
denver,15861,2024-01-18
denver,12296,2024-01-19
denver,9430,2024-01-20
denver,9594,2024-01-21
denver,14219,2024-01-22
denver,17280,2024-01-23
denver,19206,2024-01-24
denver,17403,2024-01-25
denver,11482,2024-01-26
denver,10732,2024-01-27
denver,9109,2024-01-28
denver,14148,2024-01-29
denver,17946,2024-01-30
denver,19337,2024-01-31
denver,17716,2024-02-01
denver,11295,2024-02-02
denver,8871,2024-02-03
denver,10759,2024-02-04
denver,14427,2024-02-05
denver,18602,2024-02-06
denver,18718,2024-02-07
denver,16578,2024-02-08
denver,12964,2024-02-09
denver,7957,2024-02-10
denver,9692,2024-02-11
denver,12921,2024-02-12
denver,18888,2024-02-13
denver,20446,2024-02-14
denver,16490,2024-02-15
denver,11278,2024-02-16
denver,8457,2024-02-17
denver,10008,2024-02-18
denver,14116,2024-02-19
denver,19183,2024-02-20
denver,18951,2024-02-21
denver,16978,2024-02-22
denver,11831,2024-02-23
denver,8639,2024-02-24
denver,9981,2024-02-25
denver,14619,2024-02-26
denver,19186,2024-02-27
denver,19280,2024-02-28
denver,15684,2024-02-29
denver,12860,2024-03-01
denver,8518,2024-03-02
denver,10448,2024-03-03
denver,14333,2024-03-04
denver,18339,2024-03-05
denver,19095,2024-03-06
denver,17124,2024-03-07
denver,9245,2024-03-08
denver,10124,2024-03-09
denver,9522,2024-03-10
denver,14675,2024-03-11
denver,18744,2024-03-12
denver,20485,2024-03-13
denver,16790,2024-03-14
denver,11417,2024-03-15
denver,7961,2024-03-16
denver,9967,2024-03-17
denver,12808,2024-03-18
denver,17968,2024-03-19
denver,19248,2024-03-20
denver,16090,2024-03-21
denver,12105,2024-03-22
denver,9041,2024-03-23
denver,9984,2024-03-24
denver,12440,2024-03-25
denver,17442,2024-03-26
denver,19986,2024-03-27
denver,17269,2024-03-28
denver,10621,2024-03-29
denver,8584,2024-03-30
detroit,5827,2024-01-01
detroit,8019,2024-01-02
detroit,8241,2024-01-03
detroit,6704,2024-01-04
detroit,4865,2024-01-05
detroit,3878,2024-01-06
detroit,3253,2024-01-07
detroit,4897,2024-01-08
detroit,7333,2024-01-09
detroit,8210,2024-01-10
detroit,7215,2024-01-11
detroit,4064,2024-01-12
detroit,1918,2024-01-13
detroit,3453,2024-01-14
detroit,5568,2024-01-15
detroit,6997,2024-01-16
detroit,7695,2024-01-17
detroit,7213,2024-01-18
detroit,4633,2024-01-19
detroit,3429,2024-01-20
detroit,3535,2024-01-21
detroit,5269,2024-01-22
detroit,7424,2024-01-23
detroit,8363,2024-01-24
detroit,5956,2024-01-25
detroit,5471,2024-01-26
detroit,3551,2024-01-27
detroit,3439,2024-01-28
detroit,6105,2024-01-29
detroit,8268,2024-01-30
detroit,7922,2024-01-31
detroit,6635,2024-02-01
detroit,5387,2024-02-02
detroit,4374,2024-02-03
detroit,3741,2024-02-04
detroit,5054,2024-02-05
detroit,7366,2024-02-06
detroit,8648,2024-02-07
detroit,6202,2024-02-08
detroit,4480,2024-02-09
detroit,3400,2024-02-10
detroit,3233,2024-02-11
detroit,6255,2024-02-12
detroit,7987,2024-02-13
detroit,9169,2024-02-14
detroit,7167,2024-02-15
detroit,4079,2024-02-16
detroit,3527,2024-02-17
detroit,4252,2024-02-18
detroit,6225,2024-02-19
detroit,7203,2024-02-20
detroit,7620,2024-02-21
detroit,6144,2024-02-22
detroit,5446,2024-02-23
detroit,3576,2024-02-24
detroit,3287,2024-02-25
detroit,5739,2024-02-26
detroit,7551,2024-02-27
detroit,7579,2024-02-28
detroit,6770,2024-02-29
detroit,4693,2024-03-01
detroit,4274,2024-03-02
detroit,3376,2024-03-03
detroit,4760,2024-03-04
detroit,7058,2024-03-05
detroit,7622,2024-03-06
detroit,6523,2024-03-07
detroit,4033,2024-03-08
detroit,3683,2024-03-09
detroit,3130,2024-03-10
detroit,5682,2024-03-11
detroit,8683,2024-03-12
detroit,8393,2024-03-13
detroit,6991,2024-03-14
detroit,5581,2024-03-15
detroit,3908,2024-03-16
detroit,4026,2024-03-17
detroit,5505,2024-03-18
detroit,7605,2024-03-19
detroit,8060,2024-03-20
detroit,6537,2024-03-21
detroit,4704,2024-03-22
detroit,3431,2024-03-23
detroit,3062,2024-03-24
detroit,6541,2024-03-25
detroit,7835,2024-03-26
detroit,7958,2024-03-27
detroit,6869,2024-03-28
detroit,5087,2024-03-29
detroit,2463,2024-03-30
el paso,12861,2024-01-01
el paso,14377,2024-01-02
el paso,15809,2024-01-03
el paso,12812,2024-01-04
el paso,10952,2024-01-05
el paso,9024,2024-01-06
el paso,11307,2024-01-07
el paso,12052,2024-01-08
el paso,13588,2024-01-09
el paso,14648,2024-01-10
el paso,12959,2024-01-11
el paso,11100,2024-01-12
el paso,10006,2024-01-13
el paso,10811,2024-01-14
el paso,12373,2024-01-15
el paso,14427,2024-01-16
el paso,14660,2024-01-17
el paso,12909,2024-01-18
el paso,10583,2024-01-19
el paso,9837,2024-01-20
el paso,10511,2024-01-21
el paso,12263,2024-01-22
el paso,13662,2024-01-23
el paso,14987,2024-01-24
el paso,14219,2024-01-25
el paso,11305,2024-01-26
el paso,9748,2024-01-27
el paso,10451,2024-01-28
el paso,11985,2024-01-29
el paso,13929,2024-01-30
el paso,15091,2024-01-31
el paso,13952,2024-02-01
el paso,11291,2024-02-02
el paso,9166,2024-02-03
el paso,10623,2024-02-04
el paso,13308,2024-02-05
el paso,14315,2024-02-06
el paso,14829,2024-02-07
el paso,13175,2024-02-08
el paso,11553,2024-02-09
el paso,9709,2024-02-10
el paso,10902,2024-02-11
el paso,12172,2024-02-12
el paso,14559,2024-02-13
el paso,14883,2024-02-14
el paso,14188,2024-02-15
el paso,11523,2024-02-16
el paso,10568,2024-02-17
el paso,10521,2024-02-18
el paso,12375,2024-02-19
el paso,14400,2024-02-20
el paso,14581,2024-02-21
el paso,13761,2024-02-22
el paso,11065,2024-02-23
el paso,10036,2024-02-24
el paso,10832,2024-02-25
el paso,13106,2024-02-26
el paso,14484,2024-02-27
el paso,15262,2024-02-28
el paso,13849,2024-02-29
el paso,11193,2024-03-01
el paso,10868,2024-03-02
el paso,10235,2024-03-03
el paso,12484,2024-03-04
el paso,15023,2024-03-05
el paso,15499,2024-03-06
el paso,13545,2024-03-07
el paso,11766,2024-03-08
el paso,9896,2024-03-09
el paso,10272,2024-03-10
el paso,11940,2024-03-11
el paso,14718,2024-03-12
el paso,15249,2024-03-13
el paso,13303,2024-03-14
el paso,11464,2024-03-15
el paso,11095,2024-03-16
el paso,10954,2024-03-17
el paso,12070,2024-03-18
el paso,14834,2024-03-19
el paso,14529,2024-03-20
el paso,12332,2024-03-21
el paso,11344,2024-03-22
el paso,10641,2024-03-23
el paso,11059,2024-03-24
el paso,12603,2024-03-25
el paso,14190,2024-03-26
el paso,15106,2024-03-27
el paso,13427,2024-03-28
el paso,11138,2024-03-29
el paso,10432,2024-03-30
fort worth,13826,2024-01-01
fort worth,16707,2024-01-02
fort worth,17202,2024-01-03
fort worth,14728,2024-01-04
fort worth,12488,2024-01-05
fort worth,10289,2024-01-06
fort worth,11120,2024-01-07
fort worth,14175,2024-01-08
fort worth,16376,2024-01-09
fort worth,16919,2024-01-10
fort worth,16122,2024-01-11
fort worth,11617,2024-01-12
fort worth,9867,2024-01-13
fort worth,11808,2024-01-14
fort worth,13343,2024-01-15
fort worth,16503,2024-01-16
fort worth,16975,2024-01-17
fort worth,14014,2024-01-18
fort worth,12080,2024-01-19
fort worth,9472,2024-01-20
fort worth,11094,2024-01-21
fort worth,14548,2024-01-22
fort worth,14961,2024-01-23
fort worth,16978,2024-01-24
fort worth,15644,2024-01-25
fort worth,10578,2024-01-26
fort worth,11183,2024-01-27
fort worth,11186,2024-01-28
fort worth,14532,2024-01-29
fort worth,16164,2024-01-30
fort worth,16952,2024-01-31
fort worth,15197,2024-02-01
fort worth,13728,2024-02-02
fort worth,11170,2024-02-03
fort worth,11005,2024-02-04
fort worth,13927,2024-02-05
fort worth,17038,2024-02-06
fort worth,19019,2024-02-07
fort worth,15593,2024-02-08
fort worth,12203,2024-02-09
fort worth,9962,2024-02-10
fort worth,11080,2024-02-11
fort worth,13314,2024-02-12
fort worth,16937,2024-02-13
fort worth,16231,2024-02-14
fort worth,15124,2024-02-15
fort worth,12705,2024-02-16
fort worth,10478,2024-02-17
fort worth,10571,2024-02-18
fort worth,13573,2024-02-19
fort worth,17330,2024-02-20
fort worth,16393,2024-02-21
fort worth,14436,2024-02-22
fort worth,11492,2024-02-23
fort worth,10201,2024-02-24
fort worth,9920,2024-02-25
fort worth,14437,2024-02-26
fort worth,15902,2024-02-27
fort worth,17439,2024-02-28
fort worth,14892,2024-02-29
fort worth,12122,2024-03-01
fort worth,9040,2024-03-02
fort worth,11639,2024-03-03
fort worth,13041,2024-03-04
fort worth,15798,2024-03-05
fort worth,19009,2024-03-06
fort worth,15718,2024-03-07
fort worth,12871,2024-03-08
fort worth,10543,2024-03-09
fort worth,10579,2024-03-10
fort worth,12789,2024-03-11
fort worth,16358,2024-03-12
fort worth,16562,2024-03-13
fort worth,14645,2024-03-14
fort worth,11015,2024-03-15
fort worth,10292,2024-03-16
fort worth,12056,2024-03-17
fort worth,14149,2024-03-18
fort worth,16498,2024-03-19
fort worth,17246,2024-03-20
fort worth,13093,2024-03-21
fort worth,11861,2024-03-22
fort worth,9169,2024-03-23
fort worth,11007,2024-03-24
fort worth,13552,2024-03-25
fort worth,15942,2024-03-26
fort worth,17357,2024-03-27
fort worth,15390,2024-03-28
fort worth,13277,2024-03-29
fort worth,10709,2024-03-30
fresno,6122,2024-01-01
fresno,10785,2024-01-02
fresno,11442,2024-01-03
fresno,8879,2024-01-04
fresno,4402,2024-01-05
fresno,1620,2024-01-06
fresno,2323,2024-01-07
fresno,6972,2024-01-08
fresno,10717,2024-01-09
fresno,11635,2024-01-10
fresno,8605,2024-01-11
fresno,3877,2024-01-12
fresno,1374,2024-01-13
fresno,2287,2024-01-14
fresno,6498,2024-01-15
fresno,10731,2024-01-16
fresno,11678,2024-01-17
fresno,9424,2024-01-18
fresno,3913,2024-01-19
fresno,1378,2024-01-20
fresno,2171,2024-01-21
fresno,5535,2024-01-22
fresno,10492,2024-01-23
fresno,11255,2024-01-24
fresno,8688,2024-01-25
fresno,4091,2024-01-26
fresno,1362,2024-01-27
fresno,2064,2024-01-28
fresno,6263,2024-01-29
fresno,10809,2024-01-30
fresno,11300,2024-01-31
fresno,8061,2024-02-01
fresno,4156,2024-02-02
fresno,1604,2024-02-03
fresno,2495,2024-02-04
fresno,6468,2024-02-05
fresno,11003,2024-02-06
fresno,11970,2024-02-07
fresno,8595,2024-02-08
fresno,4188,2024-02-09
fresno,1328,2024-02-10
fresno,2221,2024-02-11
fresno,6808,2024-02-12
fresno,10507,2024-02-13
fresno,11410,2024-02-14
fresno,7794,2024-02-15
fresno,3818,2024-02-16
fresno,760,2024-02-17
fresno,2237,2024-02-18
fresno,5962,2024-02-19
fresno,10776,2024-02-20
fresno,11979,2024-02-21
fresno,8701,2024-02-22
fresno,3752,2024-02-23
fresno,1327,2024-02-24
fresno,2922,2024-02-25
fresno,6966,2024-02-26
fresno,10063,2024-02-27
fresno,11076,2024-02-28
fresno,8110,2024-02-29
fresno,3698,2024-03-01
fresno,1314,2024-03-02
fresno,2054,2024-03-03
fresno,6109,2024-03-04
fresno,10928,2024-03-05
fresno,11774,2024-03-06
fresno,8108,2024-03-07
fresno,4448,2024-03-08
fresno,1404,2024-03-09
fresno,2438,2024-03-10
fresno,6204,2024-03-11
fresno,10494,2024-03-12
fresno,10888,2024-03-13
fresno,9019,2024-03-14
fresno,3747,2024-03-15
fresno,917,2024-03-16
fresno,1938,2024-03-17
fresno,7043,2024-03-18
fresno,10324,2024-03-19
fresno,11920,2024-03-20
fresno,8703,2024-03-21
fresno,3807,2024-03-22
fresno,868,2024-03-23
fresno,2029,2024-03-24
fresno,6380,2024-03-25
fresno,10774,2024-03-26
fresno,11420,2024-03-27
fresno,8532,2024-03-28
fresno,3788,2024-03-29
fresno,803,2024-03-30
houston,14998,2024-01-01
houston,19635,2024-01-02
houston,19511,2024-01-03
houston,17047,2024-01-04
houston,12787,2024-01-05
houston,10085,2024-01-06
houston,10655,2024-01-07
houston,14314,2024-01-08
houston,18972,2024-01-09
houston,19509,2024-01-10
houston,17844,2024-01-11
houston,12770,2024-01-12
houston,10026,2024-01-13
houston,11514,2024-01-14
houston,15103,2024-01-15
houston,18736,2024-01-16
houston,19506,2024-01-17
houston,18539,2024-01-18
houston,12943,2024-01-19
houston,10556,2024-01-20
houston,10674,2024-01-21
houston,14714,2024-01-22
houston,19645,2024-01-23
houston,20315,2024-01-24
houston,17268,2024-01-25
houston,12648,2024-01-26
houston,10033,2024-01-27
houston,10812,2024-01-28
houston,14484,2024-01-29
houston,19173,2024-01-30
houston,19974,2024-01-31
houston,17379,2024-02-01
houston,12665,2024-02-02
houston,10227,2024-02-03
houston,10908,2024-02-04
houston,14654,2024-02-05
houston,19468,2024-02-06
houston,19808,2024-02-07
houston,17288,2024-02-08
houston,13131,2024-02-09
houston,10179,2024-02-10
houston,11176,2024-02-11
houston,14512,2024-02-12
houston,18450,2024-02-13
houston,19384,2024-02-14
houston,17327,2024-02-15
houston,12827,2024-02-16
houston,9770,2024-02-17
houston,11310,2024-02-18
houston,15159,2024-02-19
houston,18530,2024-02-20
houston,19749,2024-02-21
houston,17304,2024-02-22
houston,12458,2024-02-23
houston,10351,2024-02-24
houston,11199,2024-02-25
houston,14546,2024-02-26
houston,18893,2024-02-27
houston,19905,2024-02-28
houston,16838,2024-02-29
houston,12582,2024-03-01
houston,9726,2024-03-02
houston,10902,2024-03-03
houston,14938,2024-03-04
houston,18590,2024-03-05
houston,19171,2024-03-06
houston,16813,2024-03-07
houston,12634,2024-03-08
houston,10450,2024-03-09
houston,11316,2024-03-10
houston,15275,2024-03-11
houston,18513,2024-03-12
houston,19816,2024-03-13
houston,16125,2024-03-14
houston,12969,2024-03-15
houston,10368,2024-03-16
houston,10940,2024-03-17
houston,15060,2024-03-18
houston,18205,2024-03-19
houston,19442,2024-03-20
houston,17391,2024-03-21
houston,13002,2024-03-22
houston,9962,2024-03-23
houston,11402,2024-03-24
houston,14998,2024-03-25
houston,18606,2024-03-26
houston,19688,2024-03-27
houston,16906,2024-03-28
houston,12329,2024-03-29
houston,10625,2024-03-30
indianapolis,6892,2024-01-01
indianapolis,11044,2024-01-02
indianapolis,12221,2024-01-03
indianapolis,9068,2024-01-04
indianapolis,6611,2024-01-05
indianapolis,3583,2024-01-06
indianapolis,4406,2024-01-07
indianapolis,8082,2024-01-08
indianapolis,11524,2024-01-09
indianapolis,11618,2024-01-10
indianapolis,9615,2024-01-11
indianapolis,6265,2024-01-12
indianapolis,2632,2024-01-13
indianapolis,3148,2024-01-14
indianapolis,7332,2024-01-15
indianapolis,9740,2024-01-16
indianapolis,11315,2024-01-17
indianapolis,9360,2024-01-18
indianapolis,5384,2024-01-19
indianapolis,3169,2024-01-20
indianapolis,3532,2024-01-21
indianapolis,7777,2024-01-22
indianapolis,10104,2024-01-23
indianapolis,10372,2024-01-24
indianapolis,9085,2024-01-25
indianapolis,6011,2024-01-26
indianapolis,3286,2024-01-27
indianapolis,3446,2024-01-28
indianapolis,7416,2024-01-29
indianapolis,10895,2024-01-30
indianapolis,11528,2024-01-31
indianapolis,9055,2024-02-01
indianapolis,5785,2024-02-02
indianapolis,2328,2024-02-03
indianapolis,3588,2024-02-04
indianapolis,6674,2024-02-05
indianapolis,11375,2024-02-06
indianapolis,11855,2024-02-07
indianapolis,9292,2024-02-08
indianapolis,4765,2024-02-09
indianapolis,3636,2024-02-10
indianapolis,4790,2024-02-11
indianapolis,7663,2024-02-12
indianapolis,10646,2024-02-13
indianapolis,11813,2024-02-14
indianapolis,9339,2024-02-15
indianapolis,6017,2024-02-16
indianapolis,3720,2024-02-17
indianapolis,3943,2024-02-18
indianapolis,7014,2024-02-19
indianapolis,10454,2024-02-20
indianapolis,11762,2024-02-21
indianapolis,9016,2024-02-22
indianapolis,5134,2024-02-23
indianapolis,3243,2024-02-24
indianapolis,4643,2024-02-25
indianapolis,7433,2024-02-26
indianapolis,10519,2024-02-27
indianapolis,11649,2024-02-28
indianapolis,9239,2024-02-29
indianapolis,4510,2024-03-01
indianapolis,3611,2024-03-02
indianapolis,4274,2024-03-03
indianapolis,7371,2024-03-04
indianapolis,11224,2024-03-05
indianapolis,12119,2024-03-06
indianapolis,9616,2024-03-07
indianapolis,5081,2024-03-08
indianapolis,2814,2024-03-09
indianapolis,4648,2024-03-10
indianapolis,6373,2024-03-11
indianapolis,10586,2024-03-12
indianapolis,11712,2024-03-13
indianapolis,8272,2024-03-14
indianapolis,5653,2024-03-15
indianapolis,3747,2024-03-16
indianapolis,3277,2024-03-17
indianapolis,8236,2024-03-18
indianapolis,10132,2024-03-19
indianapolis,11783,2024-03-20
indianapolis,9151,2024-03-21
indianapolis,5566,2024-03-22
indianapolis,2568,2024-03-23
indianapolis,4724,2024-03-24
indianapolis,7534,2024-03-25
indianapolis,11519,2024-03-26
indianapolis,10817,2024-03-27
indianapolis,9099,2024-03-28
indianapolis,5640,2024-03-29
indianapolis,3276,2024-03-30
jacksonville,11103,2024-01-01
jacksonville,13820,2024-01-02
jacksonville,15054,2024-01-03
jacksonville,12783,2024-01-04
jacksonville,9584,2024-01-05
jacksonville,8847,2024-01-06
jacksonville,8292,2024-01-07
jacksonville,11393,2024-01-08
jacksonville,14362,2024-01-09
jacksonville,13921,2024-01-10
jacksonville,13090,2024-01-11
jacksonville,9385,2024-01-12
jacksonville,8441,2024-01-13
jacksonville,8240,2024-01-14
jacksonville,11710,2024-01-15
jacksonville,14581,2024-01-16
jacksonville,15123,2024-01-17
jacksonville,12980,2024-01-18
jacksonville,9782,2024-01-19
jacksonville,7767,2024-01-20
jacksonville,9414,2024-01-21
jacksonville,11039,2024-01-22
jacksonville,13548,2024-01-23
jacksonville,15028,2024-01-24
jacksonville,12475,2024-01-25
jacksonville,9435,2024-01-26
jacksonville,7349,2024-01-27
jacksonville,8472,2024-01-28
jacksonville,11336,2024-01-29
jacksonville,14165,2024-01-30
jacksonville,15166,2024-01-31
jacksonville,13113,2024-02-01
jacksonville,9801,2024-02-02
jacksonville,7949,2024-02-03
jacksonville,8950,2024-02-04
jacksonville,11989,2024-02-05
jacksonville,14108,2024-02-06
jacksonville,14481,2024-02-07
jacksonville,12380,2024-02-08
jacksonville,9197,2024-02-09
jacksonville,8366,2024-02-10
jacksonville,8983,2024-02-11
jacksonville,11654,2024-02-12
jacksonville,13986,2024-02-13
jacksonville,15385,2024-02-14
jacksonville,12625,2024-02-15
jacksonville,10354,2024-02-16
jacksonville,8026,2024-02-17
jacksonville,8411,2024-02-18
jacksonville,11662,2024-02-19
jacksonville,14245,2024-02-20
jacksonville,14879,2024-02-21
jacksonville,12898,2024-02-22
jacksonville,9875,2024-02-23
jacksonville,9196,2024-02-24
jacksonville,9275,2024-02-25
jacksonville,11724,2024-02-26
jacksonville,14101,2024-02-27
jacksonville,15193,2024-02-28
jacksonville,13108,2024-02-29
jacksonville,9906,2024-03-01
jacksonville,7898,2024-03-02
jacksonville,8665,2024-03-03
jacksonville,9848,2024-03-04
jacksonville,14149,2024-03-05
jacksonville,14472,2024-03-06
jacksonville,13626,2024-03-07
jacksonville,9903,2024-03-08
jacksonville,7472,2024-03-09
jacksonville,8680,2024-03-10
jacksonville,10872,2024-03-11
jacksonville,14276,2024-03-12
jacksonville,14848,2024-03-13
jacksonville,13320,2024-03-14
jacksonville,9512,2024-03-15
jacksonville,8061,2024-03-16
jacksonville,8047,2024-03-17
jacksonville,11714,2024-03-18
jacksonville,14298,2024-03-19
jacksonville,14946,2024-03-20
jacksonville,12859,2024-03-21
jacksonville,10093,2024-03-22
jacksonville,8818,2024-03-23
jacksonville,8567,2024-03-24
jacksonville,11443,2024-03-25
jacksonville,13524,2024-03-26
jacksonville,14289,2024-03-27
jacksonville,12906,2024-03-28
jacksonville,10426,2024-03-29
jacksonville,7921,2024-03-30
kansas city,5221,2024-01-01
kansas city,9411,2024-01-02
kansas city,9919,2024-01-03
kansas city,6862,2024-01-04
kansas city,3827,2024-01-05
kansas city,870,2024-01-06
kansas city,1788,2024-01-07
kansas city,5642,2024-01-08
kansas city,9060,2024-01-09
kansas city,9706,2024-01-10
kansas city,7273,2024-01-11
kansas city,3540,2024-01-12
kansas city,932,2024-01-13
kansas city,2550,2024-01-14
kansas city,4919,2024-01-15
kansas city,8919,2024-01-16
kansas city,9274,2024-01-17
kansas city,7862,2024-01-18
kansas city,3544,2024-01-19
kansas city,819,2024-01-20
kansas city,2385,2024-01-21
kansas city,4624,2024-01-22
kansas city,9132,2024-01-23
kansas city,10342,2024-01-24
kansas city,7553,2024-01-25
kansas city,3436,2024-01-26
kansas city,743,2024-01-27
kansas city,2547,2024-01-28
kansas city,5940,2024-01-29
kansas city,8754,2024-01-30
kansas city,9618,2024-01-31
kansas city,7965,2024-02-01
kansas city,3860,2024-02-02
kansas city,520,2024-02-03
kansas city,2024,2024-02-04
kansas city,5466,2024-02-05
kansas city,9119,2024-02-06
kansas city,9874,2024-02-07
kansas city,7270,2024-02-08
kansas city,3716,2024-02-09
kansas city,1068,2024-02-10
kansas city,3501,2024-02-11
kansas city,5611,2024-02-12
kansas city,9011,2024-02-13
kansas city,10625,2024-02-14
kansas city,6921,2024-02-15
kansas city,3598,2024-02-16
kansas city,862,2024-02-17
kansas city,2364,2024-02-18
kansas city,5359,2024-02-19
kansas city,9255,2024-02-20
kansas city,10079,2024-02-21
kansas city,7798,2024-02-22
kansas city,3857,2024-02-23
kansas city,1159,2024-02-24
kansas city,1533,2024-02-25
kansas city,5974,2024-02-26
kansas city,9594,2024-02-27
kansas city,9488,2024-02-28
kansas city,7780,2024-02-29
kansas city,3164,2024-03-01
kansas city,1334,2024-03-02
kansas city,2272,2024-03-03
kansas city,5387,2024-03-04
kansas city,9056,2024-03-05
kansas city,10218,2024-03-06
kansas city,7434,2024-03-07
kansas city,3367,2024-03-08
kansas city,750,2024-03-09
kansas city,1945,2024-03-10
kansas city,5081,2024-03-11
kansas city,8863,2024-03-12
kansas city,9681,2024-03-13
kansas city,7808,2024-03-14
kansas city,3673,2024-03-15
kansas city,2293,2024-03-16
kansas city,1281,2024-03-17
kansas city,5689,2024-03-18
kansas city,8833,2024-03-19
kansas city,9480,2024-03-20
kansas city,7467,2024-03-21
kansas city,3600,2024-03-22
kansas city,1692,2024-03-23
kansas city,2142,2024-03-24
kansas city,5278,2024-03-25
kansas city,9154,2024-03-26
kansas city,9777,2024-03-27
kansas city,7019,2024-03-28
kansas city,3541,2024-03-29
kansas city,1345,2024-03-30
las vegas,9357,2024-01-01
las vegas,12514,2024-01-02
las vegas,13709,2024-01-03
las vegas,11241,2024-01-04
las vegas,6937,2024-01-05
las vegas,4597,2024-01-06
las vegas,5335,2024-01-07
las vegas,8700,2024-01-08
las vegas,13503,2024-01-09
las vegas,13792,2024-01-10
las vegas,11046,2024-01-11
las vegas,7187,2024-01-12
las vegas,4320,2024-01-13
las vegas,5309,2024-01-14
las vegas,9800,2024-01-15
las vegas,12698,2024-01-16
las vegas,13624,2024-01-17
las vegas,11133,2024-01-18
las vegas,7223,2024-01-19
las vegas,3744,2024-01-20
las vegas,4533,2024-01-21
las vegas,8790,2024-01-22
las vegas,12252,2024-01-23
las vegas,13589,2024-01-24
las vegas,11260,2024-01-25
las vegas,6579,2024-01-26
las vegas,3770,2024-01-27
las vegas,5201,2024-01-28
las vegas,9266,2024-01-29
las vegas,12232,2024-01-30
las vegas,13997,2024-01-31
las vegas,11363,2024-02-01
las vegas,7184,2024-02-02
las vegas,4638,2024-02-03
las vegas,5900,2024-02-04
las vegas,8866,2024-02-05
las vegas,12824,2024-02-06
las vegas,13591,2024-02-07
las vegas,11095,2024-02-08
las vegas,7374,2024-02-09
las vegas,3797,2024-02-10
las vegas,4895,2024-02-11
las vegas,9435,2024-02-12
las vegas,13123,2024-02-13
las vegas,13609,2024-02-14
las vegas,11375,2024-02-15
las vegas,6983,2024-02-16
las vegas,4730,2024-02-17
las vegas,5202,2024-02-18
las vegas,9319,2024-02-19
las vegas,13655,2024-02-20
las vegas,13924,2024-02-21
las vegas,11111,2024-02-22
las vegas,7108,2024-02-23
las vegas,4118,2024-02-24
las vegas,5961,2024-02-25
las vegas,9042,2024-02-26
las vegas,12699,2024-02-27
las vegas,13454,2024-02-28
las vegas,11455,2024-02-29
las vegas,7156,2024-03-01
las vegas,4075,2024-03-02
las vegas,5367,2024-03-03
las vegas,8488,2024-03-04
las vegas,12849,2024-03-05
las vegas,13876,2024-03-06
las vegas,11655,2024-03-07
las vegas,6618,2024-03-08
las vegas,3819,2024-03-09
las vegas,4884,2024-03-10
las vegas,8545,2024-03-11
las vegas,13227,2024-03-12
las vegas,14236,2024-03-13
las vegas,11200,2024-03-14
las vegas,7272,2024-03-15
las vegas,4282,2024-03-16
las vegas,5147,2024-03-17
las vegas,8874,2024-03-18
las vegas,12686,2024-03-19
las vegas,13220,2024-03-20
las vegas,11181,2024-03-21
las vegas,6858,2024-03-22
las vegas,4483,2024-03-23
las vegas,5209,2024-03-24
las vegas,8930,2024-03-25
las vegas,12502,2024-03-26
las vegas,13752,2024-03-27
las vegas,11337,2024-03-28
las vegas,6496,2024-03-29
las vegas,4267,2024-03-30
los angeles,8560,2024-01-01
los angeles,12810,2024-01-02
los angeles,13735,2024-01-03
los angeles,10090,2024-01-04
los angeles,6188,2024-01-05
los angeles,2550,2024-01-06
los angeles,4337,2024-01-07
los angeles,7483,2024-01-08
los angeles,12295,2024-01-09
los angeles,12987,2024-01-10
los angeles,10885,2024-01-11
los angeles,6354,2024-01-12
los angeles,3027,2024-01-13
los angeles,4045,2024-01-14
los angeles,8484,2024-01-15
los angeles,12866,2024-01-16
los angeles,13390,2024-01-17
los angeles,10241,2024-01-18
los angeles,6134,2024-01-19
los angeles,2060,2024-01-20
los angeles,4395,2024-01-21
los angeles,7819,2024-01-22
los angeles,12226,2024-01-23
los angeles,13803,2024-01-24
los angeles,10281,2024-01-25
los angeles,6134,2024-01-26
los angeles,3469,2024-01-27
los angeles,4019,2024-01-28
los angeles,8299,2024-01-29
los angeles,12283,2024-01-30
los angeles,13427,2024-01-31
los angeles,9951,2024-02-01
los angeles,5692,2024-02-02
los angeles,2328,2024-02-03
los angeles,3545,2024-02-04
los angeles,7212,2024-02-05
los angeles,12463,2024-02-06
los angeles,14168,2024-02-07
los angeles,10262,2024-02-08
los angeles,6284,2024-02-09
los angeles,3462,2024-02-10
los angeles,3403,2024-02-11
los angeles,7691,2024-02-12
los angeles,12805,2024-02-13
los angeles,13329,2024-02-14
los angeles,9869,2024-02-15
los angeles,5531,2024-02-16
los angeles,3130,2024-02-17
los angeles,3594,2024-02-18
los angeles,6849,2024-02-19
los angeles,12188,2024-02-20
los angeles,13259,2024-02-21
los angeles,10480,2024-02-22
los angeles,6422,2024-02-23
los angeles,2958,2024-02-24
los angeles,4081,2024-02-25
los angeles,8649,2024-02-26
los angeles,12344,2024-02-27
los angeles,14377,2024-02-28
los angeles,9882,2024-02-29
los angeles,5391,2024-03-01
los angeles,3222,2024-03-02
los angeles,4557,2024-03-03
los angeles,8059,2024-03-04
los angeles,11864,2024-03-05
los angeles,14200,2024-03-06
los angeles,10104,2024-03-07
los angeles,5989,2024-03-08
los angeles,3551,2024-03-09
los angeles,3760,2024-03-10
los angeles,7861,2024-03-11
los angeles,12079,2024-03-12
los angeles,13796,2024-03-13
los angeles,10974,2024-03-14
los angeles,5846,2024-03-15
los angeles,3818,2024-03-16
los angeles,3982,2024-03-17
los angeles,8760,2024-03-18
los angeles,12136,2024-03-19
los angeles,14470,2024-03-20
los angeles,11214,2024-03-21
los angeles,5770,2024-03-22
los angeles,3607,2024-03-23
los angeles,4618,2024-03-24
los angeles,8883,2024-03-25
los angeles,11172,2024-03-26
los angeles,13711,2024-03-27
los angeles,10731,2024-03-28
los angeles,6051,2024-03-29
los angeles,3036,2024-03-30
louisville,11932,2024-01-01
louisville,15048,2024-01-02
louisville,16234,2024-01-03
louisville,14139,2024-01-04
louisville,7980,2024-01-05
louisville,6299,2024-01-06
louisville,6736,2024-01-07
louisville,11238,2024-01-08
louisville,15394,2024-01-09
louisville,16375,2024-01-10
louisville,13467,2024-01-11
louisville,8699,2024-01-12
louisville,7386,2024-01-13
louisville,8204,2024-01-14
louisville,10933,2024-01-15
louisville,16231,2024-01-16
louisville,16356,2024-01-17
louisville,13770,2024-01-18
louisville,9159,2024-01-19
louisville,6072,2024-01-20
louisville,7811,2024-01-21
louisville,11506,2024-01-22
louisville,15315,2024-01-23
louisville,15954,2024-01-24
louisville,13315,2024-01-25
louisville,8457,2024-01-26
louisville,6371,2024-01-27
louisville,6840,2024-01-28
louisville,11332,2024-01-29
louisville,16137,2024-01-30
louisville,17068,2024-01-31
louisville,13698,2024-02-01
louisville,9149,2024-02-02
louisville,7202,2024-02-03
louisville,7604,2024-02-04
louisville,11304,2024-02-05
louisville,14893,2024-02-06
louisville,16710,2024-02-07
louisville,14082,2024-02-08
louisville,8906,2024-02-09
louisville,6495,2024-02-10
louisville,7211,2024-02-11
louisville,11368,2024-02-12
louisville,14420,2024-02-13
louisville,16436,2024-02-14
louisville,14144,2024-02-15
louisville,8906,2024-02-16
louisville,6389,2024-02-17
louisville,7036,2024-02-18
louisville,11610,2024-02-19
louisville,15431,2024-02-20
louisville,16116,2024-02-21
louisville,14306,2024-02-22
louisville,9601,2024-02-23
louisville,6097,2024-02-24
louisville,7594,2024-02-25
louisville,11689,2024-02-26
louisville,15813,2024-02-27
louisville,15780,2024-02-28
louisville,14161,2024-02-29
louisville,8934,2024-03-01
louisville,6207,2024-03-02
louisville,8547,2024-03-03
louisville,11584,2024-03-04
louisville,15355,2024-03-05
louisville,15553,2024-03-06
louisville,14331,2024-03-07
louisville,8589,2024-03-08
louisville,5919,2024-03-09
louisville,7225,2024-03-10
louisville,12080,2024-03-11
louisville,15871,2024-03-12
louisville,16464,2024-03-13
louisville,13850,2024-03-14
louisville,8920,2024-03-15
louisville,6428,2024-03-16
louisville,7405,2024-03-17
louisville,11881,2024-03-18
louisville,15958,2024-03-19
louisville,16754,2024-03-20
louisville,13551,2024-03-21
louisville,9517,2024-03-22
louisville,6325,2024-03-23
louisville,6891,2024-03-24
louisville,11271,2024-03-25
louisville,15565,2024-03-26
louisville,16939,2024-03-27
louisville,13631,2024-03-28
louisville,8649,2024-03-29
louisville,6391,2024-03-30
memphis,6320,2024-01-01
memphis,8702,2024-01-02
memphis,9541,2024-01-03
memphis,8002,2024-01-04
memphis,3700,2024-01-05
memphis,2616,2024-01-06
memphis,2512,2024-01-07
memphis,6888,2024-01-08
memphis,10796,2024-01-09
memphis,9354,2024-01-10
memphis,8210,2024-01-11
memphis,3978,2024-01-12
memphis,3089,2024-01-13
memphis,2259,2024-01-14
memphis,6489,2024-01-15
memphis,8596,2024-01-16
memphis,9802,2024-01-17
memphis,7138,2024-01-18
memphis,5039,2024-01-19
memphis,1803,2024-01-20
memphis,3504,2024-01-21
memphis,5924,2024-01-22
memphis,9116,2024-01-23
memphis,10045,2024-01-24
memphis,7322,2024-01-25
memphis,4620,2024-01-26
memphis,3425,2024-01-27
memphis,2593,2024-01-28
memphis,6963,2024-01-29
memphis,10220,2024-01-30
memphis,9385,2024-01-31
memphis,6847,2024-02-01
memphis,4683,2024-02-02
memphis,2001,2024-02-03
memphis,4406,2024-02-04
memphis,6184,2024-02-05
memphis,8645,2024-02-06
memphis,9158,2024-02-07
memphis,8590,2024-02-08
memphis,4085,2024-02-09
memphis,2406,2024-02-10
memphis,3780,2024-02-11
memphis,5828,2024-02-12
memphis,9163,2024-02-13
memphis,9932,2024-02-14
memphis,8312,2024-02-15
memphis,4881,2024-02-16
memphis,2226,2024-02-17
memphis,3169,2024-02-18
memphis,5905,2024-02-19
memphis,8182,2024-02-20
memphis,10120,2024-02-21
memphis,9140,2024-02-22
memphis,3871,2024-02-23
memphis,1847,2024-02-24
memphis,2529,2024-02-25
memphis,6656,2024-02-26
memphis,9502,2024-02-27
memphis,9835,2024-02-28
memphis,7215,2024-02-29
memphis,4539,2024-03-01
memphis,1305,2024-03-02
memphis,3224,2024-03-03
memphis,6757,2024-03-04
memphis,8337,2024-03-05
memphis,8894,2024-03-06
memphis,8926,2024-03-07
memphis,4057,2024-03-08
memphis,3154,2024-03-09
memphis,3020,2024-03-10
memphis,6049,2024-03-11
memphis,9495,2024-03-12
memphis,9338,2024-03-13
memphis,7935,2024-03-14
memphis,4215,2024-03-15
memphis,1472,2024-03-16
memphis,3357,2024-03-17
memphis,5980,2024-03-18
memphis,9087,2024-03-19
memphis,9115,2024-03-20
memphis,8934,2024-03-21
memphis,5077,2024-03-22
memphis,3037,2024-03-23
memphis,2916,2024-03-24
memphis,4976,2024-03-25
memphis,10532,2024-03-26
memphis,9902,2024-03-27
memphis,7331,2024-03-28
memphis,4762,2024-03-29
memphis,3176,2024-03-30
mesa,5703,2024-01-01
mesa,9118,2024-01-02
mesa,8843,2024-01-03
mesa,6975,2024-01-04
mesa,5414,2024-01-05
mesa,2706,2024-01-06
mesa,2934,2024-01-07
mesa,5979,2024-01-08
mesa,9064,2024-01-09
mesa,9593,2024-01-10
mesa,7957,2024-01-11
mesa,3849,2024-01-12
mesa,3194,2024-01-13
mesa,3245,2024-01-14
mesa,6023,2024-01-15
mesa,9255,2024-01-16
mesa,9636,2024-01-17
mesa,7625,2024-01-18
mesa,3458,2024-01-19
mesa,2665,2024-01-20
mesa,2923,2024-01-21
mesa,6354,2024-01-22
mesa,9139,2024-01-23
mesa,9102,2024-01-24
mesa,7084,2024-01-25
mesa,5341,2024-01-26
mesa,2369,2024-01-27
mesa,2705,2024-01-28
mesa,5533,2024-01-29
mesa,8316,2024-01-30
mesa,8804,2024-01-31
mesa,7888,2024-02-01
mesa,3344,2024-02-02
mesa,2220,2024-02-03
mesa,3315,2024-02-04
mesa,6088,2024-02-05
mesa,9512,2024-02-06
mesa,10085,2024-02-07
mesa,6587,2024-02-08
mesa,3498,2024-02-09
mesa,2703,2024-02-10
mesa,2982,2024-02-11
mesa,5342,2024-02-12
mesa,8620,2024-02-13
mesa,9385,2024-02-14
mesa,6992,2024-02-15
mesa,4181,2024-02-16
mesa,2284,2024-02-17
mesa,3122,2024-02-18
mesa,6264,2024-02-19
mesa,8038,2024-02-20
mesa,8922,2024-02-21
mesa,7226,2024-02-22
mesa,4510,2024-02-23
mesa,2836,2024-02-24
mesa,4427,2024-02-25
mesa,6280,2024-02-26
mesa,8929,2024-02-27
mesa,9121,2024-02-28
mesa,6917,2024-02-29
mesa,4232,2024-03-01
mesa,2312,2024-03-02
mesa,3549,2024-03-03
mesa,5098,2024-03-04
mesa,8927,2024-03-05
mesa,9200,2024-03-06
mesa,7829,2024-03-07
mesa,4128,2024-03-08
mesa,2210,2024-03-09
mesa,3124,2024-03-10
mesa,5747,2024-03-11
mesa,9041,2024-03-12
mesa,9686,2024-03-13
mesa,8452,2024-03-14
mesa,4250,2024-03-15
mesa,909,2024-03-16
mesa,3123,2024-03-17
mesa,6099,2024-03-18
mesa,8992,2024-03-19
mesa,9424,2024-03-20
mesa,7175,2024-03-21
mesa,5425,2024-03-22
mesa,2140,2024-03-23
mesa,3194,2024-03-24
mesa,5401,2024-03-25
mesa,8622,2024-03-26
mesa,10108,2024-03-27
mesa,7364,2024-03-28
mesa,4442,2024-03-29
mesa,1787,2024-03-30
miami,6823,2024-01-01
miami,10053,2024-01-02
miami,11102,2024-01-03
miami,8158,2024-01-04
miami,5610,2024-01-05
miami,3361,2024-01-06
miami,4907,2024-01-07
miami,6371,2024-01-08
miami,10637,2024-01-09
miami,11590,2024-01-10
miami,8030,2024-01-11
miami,4803,2024-01-12
miami,4385,2024-01-13
miami,3865,2024-01-14
miami,8682,2024-01-15
miami,9361,2024-01-16
miami,11010,2024-01-17
miami,8874,2024-01-18
miami,5505,2024-01-19
miami,3770,2024-01-20
miami,4527,2024-01-21
miami,7165,2024-01-22
miami,9729,2024-01-23
miami,11418,2024-01-24
miami,9176,2024-01-25
miami,5655,2024-01-26
miami,3832,2024-01-27
miami,4643,2024-01-28
miami,6889,2024-01-29
miami,10461,2024-01-30
miami,10674,2024-01-31
miami,9257,2024-02-01
miami,5512,2024-02-02
miami,3839,2024-02-03
miami,4084,2024-02-04
miami,7552,2024-02-05
miami,9746,2024-02-06
miami,10948,2024-02-07
miami,9340,2024-02-08
miami,5819,2024-02-09
miami,3644,2024-02-10
miami,5124,2024-02-11
miami,7719,2024-02-12
miami,10598,2024-02-13
miami,11237,2024-02-14
miami,9248,2024-02-15
miami,6372,2024-02-16
miami,3361,2024-02-17
miami,4755,2024-02-18
miami,7409,2024-02-19
miami,10023,2024-02-20
miami,10885,2024-02-21
miami,8986,2024-02-22
miami,5202,2024-02-23
miami,3957,2024-02-24
miami,4238,2024-02-25
miami,7282,2024-02-26
miami,10832,2024-02-27
miami,10991,2024-02-28
miami,9606,2024-02-29
miami,5358,2024-03-01
miami,3045,2024-03-02
miami,4150,2024-03-03
miami,5934,2024-03-04
miami,10622,2024-03-05
miami,10448,2024-03-06
miami,8597,2024-03-07
miami,5935,2024-03-08
miami,3610,2024-03-09
miami,4080,2024-03-10
miami,6296,2024-03-11
miami,10806,2024-03-12
miami,11267,2024-03-13
miami,9840,2024-03-14
miami,5324,2024-03-15
miami,2879,2024-03-16
miami,4748,2024-03-17
miami,7156,2024-03-18
miami,10493,2024-03-19
miami,11684,2024-03-20
miami,9065,2024-03-21
miami,5679,2024-03-22
miami,3662,2024-03-23
miami,3524,2024-03-24
miami,7758,2024-03-25
miami,10746,2024-03-26
miami,11178,2024-03-27
miami,8180,2024-03-28
miami,5545,2024-03-29
miami,4224,2024-03-30
milwaukee,13823,2024-01-01
milwaukee,19582,2024-01-02
milwaukee,20259,2024-01-03
milwaukee,17420,2024-01-04
milwaukee,11905,2024-01-05
milwaukee,8491,2024-01-06
milwaukee,10204,2024-01-07
milwaukee,14158,2024-01-08
milwaukee,19134,2024-01-09
milwaukee,20125,2024-01-10
milwaukee,17167,2024-01-11
milwaukee,12407,2024-01-12
milwaukee,8781,2024-01-13
milwaukee,10195,2024-01-14
milwaukee,14936,2024-01-15
milwaukee,19062,2024-01-16
milwaukee,20201,2024-01-17
milwaukee,17703,2024-01-18
milwaukee,12102,2024-01-19
milwaukee,9128,2024-01-20
milwaukee,10260,2024-01-21
milwaukee,14263,2024-01-22
milwaukee,19008,2024-01-23
milwaukee,20537,2024-01-24
milwaukee,16511,2024-01-25
milwaukee,12057,2024-01-26
milwaukee,8651,2024-01-27
milwaukee,10471,2024-01-28
milwaukee,14799,2024-01-29
milwaukee,19686,2024-01-30
milwaukee,20393,2024-01-31
milwaukee,17189,2024-02-01
milwaukee,12024,2024-02-02
milwaukee,8777,2024-02-03
milwaukee,11017,2024-02-04
milwaukee,14959,2024-02-05
milwaukee,18902,2024-02-06
milwaukee,21323,2024-02-07
milwaukee,17088,2024-02-08
milwaukee,12241,2024-02-09
milwaukee,9277,2024-02-10
milwaukee,9552,2024-02-11
milwaukee,14392,2024-02-12
milwaukee,19844,2024-02-13
milwaukee,20329,2024-02-14
milwaukee,17575,2024-02-15
milwaukee,11973,2024-02-16
milwaukee,8918,2024-02-17
milwaukee,10705,2024-02-18
milwaukee,14831,2024-02-19
milwaukee,19153,2024-02-20
milwaukee,20170,2024-02-21
milwaukee,17023,2024-02-22
milwaukee,12561,2024-02-23
milwaukee,9217,2024-02-24
milwaukee,9687,2024-02-25
milwaukee,14709,2024-02-26
milwaukee,19249,2024-02-27
milwaukee,20516,2024-02-28
milwaukee,17019,2024-02-29
milwaukee,12511,2024-03-01
milwaukee,8951,2024-03-02
milwaukee,10215,2024-03-03
milwaukee,14407,2024-03-04
milwaukee,19017,2024-03-05
milwaukee,21329,2024-03-06
milwaukee,17853,2024-03-07
milwaukee,12106,2024-03-08
milwaukee,9483,2024-03-09
milwaukee,10507,2024-03-10
milwaukee,14462,2024-03-11
milwaukee,19021,2024-03-12
milwaukee,20639,2024-03-13
milwaukee,17318,2024-03-14
milwaukee,11990,2024-03-15
milwaukee,9202,2024-03-16
milwaukee,9585,2024-03-17
milwaukee,14719,2024-03-18
milwaukee,18842,2024-03-19
milwaukee,19988,2024-03-20
milwaukee,16983,2024-03-21
milwaukee,12256,2024-03-22
milwaukee,8717,2024-03-23
milwaukee,9663,2024-03-24
milwaukee,14845,2024-03-25
milwaukee,19790,2024-03-26
milwaukee,20628,2024-03-27
milwaukee,17853,2024-03-28
milwaukee,12619,2024-03-29
milwaukee,8782,2024-03-30
nashville,5125,2024-01-01
nashville,7695,2024-01-02
nashville,8811,2024-01-03
nashville,6154,2024-01-04
nashville,3314,2024-01-05
nashville,883,2024-01-06
nashville,2505,2024-01-07
nashville,5450,2024-01-08
nashville,7355,2024-01-09
nashville,9369,2024-01-10
nashville,7828,2024-01-11
nashville,3539,2024-01-12
nashville,1218,2024-01-13
nashville,3402,2024-01-14
nashville,4593,2024-01-15
nashville,8091,2024-01-16
nashville,8884,2024-01-17
nashville,7343,2024-01-18
nashville,3671,2024-01-19
nashville,1278,2024-01-20
nashville,1813,2024-01-21
nashville,5004,2024-01-22
nashville,7659,2024-01-23
nashville,8828,2024-01-24
nashville,6539,2024-01-25
nashville,2890,2024-01-26
nashville,2017,2024-01-27
nashville,2003,2024-01-28
nashville,4614,2024-01-29
nashville,8012,2024-01-30
nashville,8837,2024-01-31
nashville,6042,2024-02-01
nashville,3659,2024-02-02
nashville,1047,2024-02-03
nashville,2933,2024-02-04
nashville,5369,2024-02-05
nashville,7915,2024-02-06
nashville,8494,2024-02-07
nashville,6733,2024-02-08
nashville,3777,2024-02-09
nashville,1477,2024-02-10
nashville,2122,2024-02-11
nashville,5173,2024-02-12
nashville,7829,2024-02-13
nashville,8663,2024-02-14
nashville,5899,2024-02-15
nashville,3929,2024-02-16
nashville,1614,2024-02-17
nashville,1887,2024-02-18
nashville,5947,2024-02-19
nashville,8120,2024-02-20
nashville,8372,2024-02-21
nashville,7137,2024-02-22
nashville,3687,2024-02-23
nashville,1654,2024-02-24
nashville,2034,2024-02-25
nashville,5338,2024-02-26
nashville,7973,2024-02-27
nashville,9042,2024-02-28
nashville,5975,2024-02-29
nashville,3337,2024-03-01
nashville,2213,2024-03-02
nashville,1890,2024-03-03
nashville,4894,2024-03-04
nashville,7894,2024-03-05
nashville,8296,2024-03-06
nashville,5847,2024-03-07
nashville,3422,2024-03-08
nashville,1545,2024-03-09
nashville,2191,2024-03-10
nashville,5087,2024-03-11
nashville,8101,2024-03-12
nashville,9238,2024-03-13
nashville,6697,2024-03-14
nashville,3278,2024-03-15
nashville,1370,2024-03-16
nashville,2457,2024-03-17
nashville,5742,2024-03-18
nashville,7819,2024-03-19
nashville,8850,2024-03-20
nashville,6919,2024-03-21
nashville,3101,2024-03-22
nashville,1497,2024-03-23
nashville,1596,2024-03-24
nashville,4403,2024-03-25
nashville,8237,2024-03-26
nashville,8646,2024-03-27
nashville,6862,2024-03-28
nashville,3512,2024-03-29
nashville,1077,2024-03-30
new york,13846,2024-01-01
new york,16934,2024-01-02
new york,16923,2024-01-03
new york,15880,2024-01-04
new york,12919,2024-01-05
new york,11027,2024-01-06
new york,11453,2024-01-07
new york,13806,2024-01-08
new york,16355,2024-01-09
new york,17039,2024-01-10
new york,15101,2024-01-11
new york,12800,2024-01-12
new york,10713,2024-01-13
new york,12138,2024-01-14
new york,14594,2024-01-15
new york,16213,2024-01-16
new york,16773,2024-01-17
new york,15559,2024-01-18
new york,13424,2024-01-19
new york,11885,2024-01-20
new york,11158,2024-01-21
new york,14621,2024-01-22
new york,16505,2024-01-23
new york,17099,2024-01-24
new york,15708,2024-01-25
new york,12631,2024-01-26
new york,11708,2024-01-27
new york,12442,2024-01-28
new york,14827,2024-01-29
new york,15696,2024-01-30
new york,17014,2024-01-31
new york,14600,2024-02-01
new york,12502,2024-02-02
new york,10122,2024-02-03
new york,11999,2024-02-04
new york,14264,2024-02-05
new york,16337,2024-02-06
new york,16759,2024-02-07
new york,15621,2024-02-08
new york,12390,2024-02-09
new york,10720,2024-02-10
new york,11249,2024-02-11
new york,14071,2024-02-12
new york,16269,2024-02-13
new york,16944,2024-02-14
new york,15716,2024-02-15
new york,13287,2024-02-16
new york,11868,2024-02-17
new york,11822,2024-02-18
new york,14322,2024-02-19
new york,16619,2024-02-20
new york,16358,2024-02-21
new york,15311,2024-02-22
new york,12684,2024-02-23
new york,10978,2024-02-24
new york,11776,2024-02-25
new york,14064,2024-02-26
new york,16085,2024-02-27
new york,17049,2024-02-28
new york,15189,2024-02-29
new york,11660,2024-03-01
new york,10576,2024-03-02
new york,11835,2024-03-03
new york,14660,2024-03-04
new york,15431,2024-03-05
new york,16723,2024-03-06
new york,15675,2024-03-07
new york,13248,2024-03-08
new york,11019,2024-03-09
new york,11485,2024-03-10
new york,14718,2024-03-11
new york,16894,2024-03-12
new york,17508,2024-03-13
new york,15266,2024-03-14
new york,13355,2024-03-15
new york,10327,2024-03-16
new york,12309,2024-03-17
new york,14134,2024-03-18
new york,16591,2024-03-19
new york,16689,2024-03-20
new york,14655,2024-03-21
new york,12898,2024-03-22
new york,11460,2024-03-23
new york,12114,2024-03-24
new york,14434,2024-03-25
new york,16700,2024-03-26
new york,16699,2024-03-27
new york,15827,2024-03-28
new york,12379,2024-03-29
new york,11713,2024-03-30
oakland,9974,2024-01-01
oakland,13564,2024-01-02
oakland,14215,2024-01-03
oakland,11886,2024-01-04
oakland,8411,2024-01-05
oakland,6844,2024-01-06
oakland,7307,2024-01-07
oakland,9882,2024-01-08
oakland,13670,2024-01-09
oakland,14320,2024-01-10
oakland,11493,2024-01-11
oakland,8985,2024-01-12
oakland,6779,2024-01-13
oakland,7832,2024-01-14
oakland,10957,2024-01-15
oakland,13361,2024-01-16
oakland,13912,2024-01-17
oakland,11795,2024-01-18
oakland,9399,2024-01-19
oakland,7409,2024-01-20
oakland,7968,2024-01-21
oakland,10385,2024-01-22
oakland,13113,2024-01-23
oakland,13742,2024-01-24
oakland,11682,2024-01-25
oakland,8735,2024-01-26
oakland,6873,2024-01-27
oakland,7533,2024-01-28
oakland,10362,2024-01-29
oakland,12894,2024-01-30
oakland,13446,2024-01-31
oakland,11632,2024-02-01
oakland,9083,2024-02-02
oakland,7647,2024-02-03
oakland,7833,2024-02-04
oakland,10398,2024-02-05
oakland,12705,2024-02-06
oakland,13575,2024-02-07
oakland,12246,2024-02-08
oakland,9326,2024-02-09
oakland,7513,2024-02-10
oakland,8142,2024-02-11
oakland,10565,2024-02-12
oakland,13140,2024-02-13
oakland,13728,2024-02-14
oakland,11722,2024-02-15
oakland,9015,2024-02-16
oakland,7268,2024-02-17
oakland,8043,2024-02-18
oakland,10456,2024-02-19
oakland,13696,2024-02-20
oakland,13254,2024-02-21
oakland,12104,2024-02-22
oakland,8974,2024-02-23
oakland,7199,2024-02-24
oakland,7572,2024-02-25
oakland,10755,2024-02-26
oakland,13222,2024-02-27
oakland,13920,2024-02-28
oakland,11913,2024-02-29
oakland,8882,2024-03-01
oakland,7176,2024-03-02
oakland,7978,2024-03-03
oakland,9769,2024-03-04
oakland,13294,2024-03-05
oakland,14439,2024-03-06
oakland,12015,2024-03-07
oakland,8896,2024-03-08
oakland,7145,2024-03-09
oakland,8067,2024-03-10
oakland,10339,2024-03-11
oakland,13292,2024-03-12
oakland,13591,2024-03-13
oakland,12417,2024-03-14
oakland,9538,2024-03-15
oakland,7090,2024-03-16
oakland,7810,2024-03-17
oakland,10416,2024-03-18
oakland,13006,2024-03-19
oakland,13339,2024-03-20
oakland,11504,2024-03-21
oakland,9395,2024-03-22
oakland,7553,2024-03-23
oakland,8186,2024-03-24
oakland,10400,2024-03-25
oakland,13626,2024-03-26
oakland,13641,2024-03-27
oakland,12140,2024-03-28
oakland,8535,2024-03-29
oakland,7123,2024-03-30
oklahoma city,10292,2024-01-01
oklahoma city,12055,2024-01-02
oklahoma city,13104,2024-01-03
oklahoma city,11386,2024-01-04
oklahoma city,9508,2024-01-05
oklahoma city,9586,2024-01-06
oklahoma city,8746,2024-01-07
oklahoma city,10775,2024-01-08
oklahoma city,12459,2024-01-09
oklahoma city,13332,2024-01-10
oklahoma city,11117,2024-01-11
oklahoma city,10168,2024-01-12
oklahoma city,8613,2024-01-13
oklahoma city,9540,2024-01-14
oklahoma city,10579,2024-01-15
oklahoma city,13035,2024-01-16
oklahoma city,12552,2024-01-17
oklahoma city,10907,2024-01-18
oklahoma city,9743,2024-01-19
oklahoma city,8835,2024-01-20
oklahoma city,9700,2024-01-21
oklahoma city,10455,2024-01-22
oklahoma city,12043,2024-01-23
oklahoma city,13209,2024-01-24
oklahoma city,11291,2024-01-25
oklahoma city,9959,2024-01-26
oklahoma city,8872,2024-01-27
oklahoma city,9395,2024-01-28
oklahoma city,10634,2024-01-29
oklahoma city,12153,2024-01-30
oklahoma city,12989,2024-01-31
oklahoma city,11460,2024-02-01
oklahoma city,9542,2024-02-02
oklahoma city,9361,2024-02-03
oklahoma city,9490,2024-02-04
oklahoma city,11523,2024-02-05
oklahoma city,12757,2024-02-06
oklahoma city,12423,2024-02-07
oklahoma city,11810,2024-02-08
oklahoma city,9663,2024-02-09
oklahoma city,8345,2024-02-10
oklahoma city,9160,2024-02-11
oklahoma city,11245,2024-02-12
oklahoma city,12577,2024-02-13
oklahoma city,12379,2024-02-14
oklahoma city,11606,2024-02-15
oklahoma city,9971,2024-02-16
oklahoma city,8331,2024-02-17
oklahoma city,9570,2024-02-18
oklahoma city,10818,2024-02-19
oklahoma city,11989,2024-02-20
oklahoma city,12359,2024-02-21
oklahoma city,12165,2024-02-22
oklahoma city,9887,2024-02-23
oklahoma city,9348,2024-02-24
oklahoma city,9873,2024-02-25
oklahoma city,11260,2024-02-26
oklahoma city,12292,2024-02-27
oklahoma city,11989,2024-02-28
oklahoma city,11887,2024-02-29
oklahoma city,10760,2024-03-01
oklahoma city,8915,2024-03-02
oklahoma city,8616,2024-03-03
oklahoma city,10661,2024-03-04
oklahoma city,12415,2024-03-05
oklahoma city,12483,2024-03-06
oklahoma city,10871,2024-03-07
oklahoma city,9987,2024-03-08
oklahoma city,8651,2024-03-09
oklahoma city,9944,2024-03-10
oklahoma city,10935,2024-03-11
oklahoma city,12646,2024-03-12
oklahoma city,12828,2024-03-13
oklahoma city,11809,2024-03-14
oklahoma city,9438,2024-03-15
oklahoma city,8561,2024-03-16
oklahoma city,9702,2024-03-17
oklahoma city,10973,2024-03-18
oklahoma city,12339,2024-03-19
oklahoma city,13042,2024-03-20
oklahoma city,11955,2024-03-21
oklahoma city,10724,2024-03-22
oklahoma city,8985,2024-03-23
oklahoma city,8943,2024-03-24
oklahoma city,10858,2024-03-25
oklahoma city,12694,2024-03-26
oklahoma city,13222,2024-03-27
oklahoma city,11206,2024-03-28
oklahoma city,10111,2024-03-29
oklahoma city,8611,2024-03-30
philadelphia,8297,2024-01-01
philadelphia,11294,2024-01-02
philadelphia,12845,2024-01-03
philadelphia,9442,2024-01-04
philadelphia,5110,2024-01-05
philadelphia,2067,2024-01-06
philadelphia,3361,2024-01-07
philadelphia,7417,2024-01-08
philadelphia,11615,2024-01-09
philadelphia,12527,2024-01-10
philadelphia,9378,2024-01-11
philadelphia,5226,2024-01-12
philadelphia,3113,2024-01-13
philadelphia,4067,2024-01-14
philadelphia,7792,2024-01-15
philadelphia,11886,2024-01-16
philadelphia,13357,2024-01-17
philadelphia,10065,2024-01-18
philadelphia,5624,2024-01-19
philadelphia,2086,2024-01-20
philadelphia,3234,2024-01-21
philadelphia,7626,2024-01-22
philadelphia,11385,2024-01-23
philadelphia,12314,2024-01-24
philadelphia,9569,2024-01-25
philadelphia,4919,2024-01-26
philadelphia,2350,2024-01-27
philadelphia,3729,2024-01-28
philadelphia,8250,2024-01-29
philadelphia,11932,2024-01-30
philadelphia,12871,2024-01-31
philadelphia,9316,2024-02-01
philadelphia,5445,2024-02-02
philadelphia,2597,2024-02-03
philadelphia,3713,2024-02-04
philadelphia,7514,2024-02-05
philadelphia,12227,2024-02-06
philadelphia,12672,2024-02-07
philadelphia,9921,2024-02-08
philadelphia,4735,2024-02-09
philadelphia,2584,2024-02-10
philadelphia,4006,2024-02-11
philadelphia,7826,2024-02-12
philadelphia,10925,2024-02-13
philadelphia,12501,2024-02-14
philadelphia,10460,2024-02-15
philadelphia,5353,2024-02-16
philadelphia,2730,2024-02-17
philadelphia,4166,2024-02-18
philadelphia,7584,2024-02-19
philadelphia,11930,2024-02-20
philadelphia,12794,2024-02-21
philadelphia,10083,2024-02-22
philadelphia,5534,2024-02-23
philadelphia,2433,2024-02-24
philadelphia,3461,2024-02-25
philadelphia,7346,2024-02-26
philadelphia,11101,2024-02-27
philadelphia,13078,2024-02-28
philadelphia,9873,2024-02-29
philadelphia,5811,2024-03-01
philadelphia,3154,2024-03-02
philadelphia,3632,2024-03-03
philadelphia,7189,2024-03-04
philadelphia,11593,2024-03-05
philadelphia,12425,2024-03-06
philadelphia,9195,2024-03-07
philadelphia,5233,2024-03-08
philadelphia,2596,2024-03-09
philadelphia,3394,2024-03-10
philadelphia,7374,2024-03-11
philadelphia,11225,2024-03-12
philadelphia,12721,2024-03-13
philadelphia,10507,2024-03-14
philadelphia,5840,2024-03-15
philadelphia,2843,2024-03-16
philadelphia,3844,2024-03-17
philadelphia,7592,2024-03-18
philadelphia,11045,2024-03-19
philadelphia,12528,2024-03-20
philadelphia,9539,2024-03-21
philadelphia,5457,2024-03-22
philadelphia,3041,2024-03-23
philadelphia,4287,2024-03-24
philadelphia,7659,2024-03-25
philadelphia,11092,2024-03-26
philadelphia,12675,2024-03-27
philadelphia,9900,2024-03-28
philadelphia,5636,2024-03-29
philadelphia,2613,2024-03-30
phoenix,5033,2024-01-01
phoenix,9133,2024-01-02
phoenix,10574,2024-01-03
phoenix,7594,2024-01-04
phoenix,2244,2024-01-05
phoenix,0,2024-01-06
phoenix,998,2024-01-07
phoenix,5079,2024-01-08
phoenix,9743,2024-01-09
phoenix,10604,2024-01-10
phoenix,8059,2024-01-11
phoenix,2423,2024-01-12
phoenix,0,2024-01-13
phoenix,0,2024-01-14
phoenix,5047,2024-01-15
phoenix,9504,2024-01-16
phoenix,11444,2024-01-17
phoenix,8296,2024-01-18
phoenix,2059,2024-01-19
phoenix,0,2024-01-20
phoenix,339,2024-01-21
phoenix,4778,2024-01-22
phoenix,9778,2024-01-23
phoenix,10728,2024-01-24
phoenix,7739,2024-01-25
phoenix,2860,2024-01-26
phoenix,0,2024-01-27
phoenix,792,2024-01-28
phoenix,4810,2024-01-29
phoenix,10465,2024-01-30
phoenix,11422,2024-01-31
phoenix,7599,2024-02-01
phoenix,2156,2024-02-02
phoenix,0,2024-02-03
phoenix,748,2024-02-04
phoenix,5058,2024-02-05
phoenix,10031,2024-02-06
phoenix,11629,2024-02-07
phoenix,7365,2024-02-08
phoenix,2061,2024-02-09
phoenix,0,2024-02-10
phoenix,845,2024-02-11
phoenix,4734,2024-02-12
phoenix,9713,2024-02-13
phoenix,11332,2024-02-14
phoenix,7058,2024-02-15
phoenix,2582,2024-02-16
phoenix,0,2024-02-17
phoenix,482,2024-02-18
phoenix,5322,2024-02-19
phoenix,9779,2024-02-20
phoenix,10485,2024-02-21
phoenix,7461,2024-02-22
phoenix,3007,2024-02-23
phoenix,0,2024-02-24
phoenix,737,2024-02-25
phoenix,5158,2024-02-26
phoenix,9989,2024-02-27
phoenix,10703,2024-02-28
phoenix,7366,2024-02-29
phoenix,2771,2024-03-01
phoenix,0,2024-03-02
phoenix,112,2024-03-03
phoenix,4864,2024-03-04
phoenix,9642,2024-03-05
phoenix,11421,2024-03-06
phoenix,7840,2024-03-07
phoenix,2027,2024-03-08
phoenix,0,2024-03-09
phoenix,350,2024-03-10
phoenix,4651,2024-03-11
phoenix,9663,2024-03-12
phoenix,10741,2024-03-13
phoenix,7511,2024-03-14
phoenix,2354,2024-03-15
phoenix,0,2024-03-16
phoenix,308,2024-03-17
phoenix,5087,2024-03-18
phoenix,9680,2024-03-19
phoenix,10665,2024-03-20
phoenix,7668,2024-03-21
phoenix,2522,2024-03-22
phoenix,0,2024-03-23
phoenix,132,2024-03-24
phoenix,4996,2024-03-25
phoenix,9971,2024-03-26
phoenix,10780,2024-03-27
phoenix,7697,2024-03-28
phoenix,2558,2024-03-29
phoenix,0,2024-03-30
portland,9426,2024-01-01
portland,10577,2024-01-02
portland,10327,2024-01-03
portland,10211,2024-01-04
portland,7644,2024-01-05
portland,6421,2024-01-06
portland,6492,2024-01-07
portland,8841,2024-01-08
portland,10905,2024-01-09
portland,10479,2024-01-10
portland,8039,2024-01-11
portland,6503,2024-01-12
portland,6288,2024-01-13
portland,5641,2024-01-14
portland,8017,2024-01-15
portland,9389,2024-01-16
portland,10421,2024-01-17
portland,9340,2024-01-18
portland,7313,2024-01-19
portland,5039,2024-01-20
portland,5523,2024-01-21
portland,8806,2024-01-22
portland,10580,2024-01-23
portland,11219,2024-01-24
portland,10568,2024-01-25
portland,6515,2024-01-26
portland,5366,2024-01-27
portland,6386,2024-01-28
portland,7437,2024-01-29
portland,10504,2024-01-30
portland,10879,2024-01-31
portland,11566,2024-02-01
portland,6999,2024-02-02
portland,6330,2024-02-03
portland,6609,2024-02-04
portland,7209,2024-02-05
portland,9083,2024-02-06
portland,11058,2024-02-07
portland,10352,2024-02-08
portland,7149,2024-02-09
portland,5468,2024-02-10
portland,5718,2024-02-11
portland,7075,2024-02-12
portland,9553,2024-02-13
portland,9565,2024-02-14
portland,8466,2024-02-15
portland,6499,2024-02-16
portland,6025,2024-02-17
portland,5590,2024-02-18
portland,8337,2024-02-19
portland,10429,2024-02-20
portland,11260,2024-02-21
portland,8520,2024-02-22
portland,7765,2024-02-23
portland,4281,2024-02-24
portland,5588,2024-02-25
portland,8116,2024-02-26
portland,10928,2024-02-27
portland,11963,2024-02-28
portland,9961,2024-02-29
portland,8050,2024-03-01
portland,4743,2024-03-02
portland,6897,2024-03-03
portland,8947,2024-03-04
portland,8406,2024-03-05
portland,10685,2024-03-06
portland,9828,2024-03-07
portland,6507,2024-03-08
portland,4538,2024-03-09
portland,7635,2024-03-10
portland,8222,2024-03-11
portland,10431,2024-03-12
portland,9815,2024-03-13
portland,8858,2024-03-14
portland,6202,2024-03-15
portland,6267,2024-03-16
portland,6349,2024-03-17
portland,7677,2024-03-18
portland,10768,2024-03-19
portland,10658,2024-03-20
portland,9534,2024-03-21
portland,7103,2024-03-22
portland,5741,2024-03-23
portland,6185,2024-03-24
portland,8469,2024-03-25
portland,11324,2024-03-26
portland,11373,2024-03-27
portland,9078,2024-03-28
portland,6841,2024-03-29
portland,6388,2024-03-30
sacramento,7230,2024-01-01
sacramento,11547,2024-01-02
sacramento,12486,2024-01-03
sacramento,9709,2024-01-04
sacramento,5319,2024-01-05
sacramento,1924,2024-01-06
sacramento,3320,2024-01-07
sacramento,8225,2024-01-08
sacramento,11353,2024-01-09
sacramento,12602,2024-01-10
sacramento,10198,2024-01-11
sacramento,5894,2024-01-12
sacramento,1538,2024-01-13
sacramento,2359,2024-01-14
sacramento,7500,2024-01-15
sacramento,11719,2024-01-16
sacramento,13185,2024-01-17
sacramento,10151,2024-01-18
sacramento,5112,2024-01-19
sacramento,2709,2024-01-20
sacramento,2880,2024-01-21
sacramento,7608,2024-01-22
sacramento,11151,2024-01-23
sacramento,12805,2024-01-24
sacramento,9124,2024-01-25
sacramento,4559,2024-01-26
sacramento,3047,2024-01-27
sacramento,2296,2024-01-28
sacramento,7389,2024-01-29
sacramento,12195,2024-01-30
sacramento,13962,2024-01-31
sacramento,9961,2024-02-01
sacramento,5249,2024-02-02
sacramento,2193,2024-02-03
sacramento,3768,2024-02-04
sacramento,7721,2024-02-05
sacramento,11478,2024-02-06
sacramento,13397,2024-02-07
sacramento,9635,2024-02-08
sacramento,4312,2024-02-09
sacramento,1358,2024-02-10
sacramento,3125,2024-02-11
sacramento,7553,2024-02-12
sacramento,12260,2024-02-13
sacramento,13154,2024-02-14
sacramento,9912,2024-02-15
sacramento,5646,2024-02-16
sacramento,2180,2024-02-17
sacramento,2569,2024-02-18
sacramento,6729,2024-02-19
sacramento,12425,2024-02-20
sacramento,11680,2024-02-21
sacramento,9768,2024-02-22
sacramento,6653,2024-02-23
sacramento,2408,2024-02-24
sacramento,3122,2024-02-25
sacramento,6639,2024-02-26
sacramento,12598,2024-02-27
sacramento,13447,2024-02-28
sacramento,10221,2024-02-29
sacramento,5129,2024-03-01
sacramento,2465,2024-03-02
sacramento,3152,2024-03-03
sacramento,7003,2024-03-04
sacramento,12261,2024-03-05
sacramento,12801,2024-03-06
sacramento,10137,2024-03-07
sacramento,5067,2024-03-08
sacramento,2409,2024-03-09
sacramento,3221,2024-03-10
sacramento,7453,2024-03-11
sacramento,11787,2024-03-12
sacramento,14340,2024-03-13
sacramento,10281,2024-03-14
sacramento,6451,2024-03-15
sacramento,2169,2024-03-16
sacramento,3070,2024-03-17
sacramento,6951,2024-03-18
sacramento,12591,2024-03-19
sacramento,12364,2024-03-20
sacramento,10795,2024-03-21
sacramento,4610,2024-03-22
sacramento,2626,2024-03-23
sacramento,2415,2024-03-24
sacramento,7274,2024-03-25
sacramento,11783,2024-03-26
sacramento,12522,2024-03-27
sacramento,9784,2024-03-28
sacramento,5045,2024-03-29
sacramento,2585,2024-03-30
san antonio,7560,2024-01-01
san antonio,12489,2024-01-02
san antonio,13056,2024-01-03
san antonio,10259,2024-01-04
san antonio,6977,2024-01-05
san antonio,4904,2024-01-06
san antonio,6227,2024-01-07
san antonio,8839,2024-01-08
san antonio,12448,2024-01-09
san antonio,11393,2024-01-10
san antonio,10384,2024-01-11
san antonio,6901,2024-01-12
san antonio,5287,2024-01-13
san antonio,5878,2024-01-14
san antonio,9603,2024-01-15
san antonio,11184,2024-01-16
san antonio,12950,2024-01-17
san antonio,11144,2024-01-18
san antonio,8503,2024-01-19
san antonio,5166,2024-01-20
san antonio,6342,2024-01-21
san antonio,8206,2024-01-22
san antonio,10898,2024-01-23
san antonio,13379,2024-01-24
san antonio,10841,2024-01-25
san antonio,8139,2024-01-26
san antonio,4687,2024-01-27
san antonio,6446,2024-01-28
san antonio,10179,2024-01-29
san antonio,12408,2024-01-30
san antonio,13074,2024-01-31
san antonio,10849,2024-02-01
san antonio,6662,2024-02-02
san antonio,6152,2024-02-03
san antonio,5839,2024-02-04
san antonio,9446,2024-02-05
san antonio,11343,2024-02-06
san antonio,12292,2024-02-07
san antonio,11615,2024-02-08
san antonio,7319,2024-02-09
san antonio,6205,2024-02-10
san antonio,6125,2024-02-11
san antonio,8186,2024-02-12
san antonio,12662,2024-02-13
san antonio,12609,2024-02-14
san antonio,11219,2024-02-15
san antonio,7519,2024-02-16
san antonio,4596,2024-02-17
san antonio,6256,2024-02-18
san antonio,10354,2024-02-19
san antonio,12447,2024-02-20
san antonio,12895,2024-02-21
san antonio,11422,2024-02-22
san antonio,7619,2024-02-23
san antonio,5537,2024-02-24
san antonio,5581,2024-02-25
san antonio,9301,2024-02-26
san antonio,12739,2024-02-27
san antonio,12477,2024-02-28
san antonio,11609,2024-02-29
san antonio,7457,2024-03-01
san antonio,4948,2024-03-02
san antonio,6703,2024-03-03
san antonio,9021,2024-03-04
san antonio,12591,2024-03-05
san antonio,12769,2024-03-06
san antonio,10812,2024-03-07
san antonio,7771,2024-03-08
san antonio,5581,2024-03-09
san antonio,5096,2024-03-10
san antonio,8573,2024-03-11
san antonio,12682,2024-03-12
san antonio,12855,2024-03-13
san antonio,10563,2024-03-14
san antonio,6776,2024-03-15
san antonio,4845,2024-03-16
san antonio,5082,2024-03-17
san antonio,9121,2024-03-18
san antonio,11861,2024-03-19
san antonio,12406,2024-03-20
san antonio,10808,2024-03-21
san antonio,7701,2024-03-22
san antonio,6548,2024-03-23
san antonio,5355,2024-03-24
san antonio,9798,2024-03-25
san antonio,12705,2024-03-26
san antonio,12507,2024-03-27
san antonio,10953,2024-03-28
san antonio,7260,2024-03-29
san antonio,5524,2024-03-30
san diego,8115,2024-01-01
san diego,9219,2024-01-02
san diego,11138,2024-01-03
san diego,9793,2024-01-04
san diego,6615,2024-01-05
san diego,6106,2024-01-06
san diego,7069,2024-01-07
san diego,8828,2024-01-08
san diego,9224,2024-01-09
san diego,10495,2024-01-10
san diego,9775,2024-01-11
san diego,7455,2024-01-12
san diego,6721,2024-01-13
san diego,6660,2024-01-14
san diego,9114,2024-01-15
san diego,9665,2024-01-16
san diego,9850,2024-01-17
san diego,9462,2024-01-18
san diego,6791,2024-01-19
san diego,5274,2024-01-20
san diego,7623,2024-01-21
san diego,7954,2024-01-22
san diego,9338,2024-01-23
san diego,10052,2024-01-24
san diego,8919,2024-01-25
san diego,7583,2024-01-26
san diego,5894,2024-01-27
san diego,7264,2024-01-28
san diego,8953,2024-01-29
san diego,9373,2024-01-30
san diego,10171,2024-01-31
san diego,9123,2024-02-01
san diego,7569,2024-02-02
san diego,7228,2024-02-03
san diego,7658,2024-02-04
san diego,10089,2024-02-05
san diego,8764,2024-02-06
san diego,9983,2024-02-07
san diego,10556,2024-02-08
san diego,6566,2024-02-09
san diego,7662,2024-02-10
san diego,7049,2024-02-11
san diego,8670,2024-02-12
san diego,9371,2024-02-13
san diego,10273,2024-02-14
san diego,10515,2024-02-15
san diego,7641,2024-02-16
san diego,6292,2024-02-17
san diego,7208,2024-02-18
san diego,8439,2024-02-19
san diego,10367,2024-02-20
san diego,10029,2024-02-21
san diego,9397,2024-02-22
san diego,7277,2024-02-23
san diego,5458,2024-02-24
san diego,7254,2024-02-25
san diego,7801,2024-02-26
san diego,10054,2024-02-27
san diego,11117,2024-02-28
san diego,8526,2024-02-29
san diego,8041,2024-03-01
san diego,6380,2024-03-02
san diego,6366,2024-03-03
san diego,9797,2024-03-04
san diego,10155,2024-03-05
san diego,10202,2024-03-06
san diego,8966,2024-03-07
san diego,8210,2024-03-08
san diego,6189,2024-03-09
san diego,7423,2024-03-10
san diego,8555,2024-03-11
san diego,10839,2024-03-12
san diego,9911,2024-03-13
san diego,8890,2024-03-14
san diego,7498,2024-03-15
san diego,6443,2024-03-16
san diego,6742,2024-03-17
san diego,10170,2024-03-18
san diego,11420,2024-03-19
san diego,10733,2024-03-20
san diego,9699,2024-03-21
san diego,7525,2024-03-22
san diego,5921,2024-03-23
san diego,6847,2024-03-24
san diego,9030,2024-03-25
san diego,10955,2024-03-26
san diego,11160,2024-03-27
san diego,8518,2024-03-28
san diego,7493,2024-03-29
san diego,5664,2024-03-30
san francisco,7681,2024-01-01
san francisco,9264,2024-01-02
san francisco,9277,2024-01-03
san francisco,7557,2024-01-04
san francisco,5324,2024-01-05
san francisco,3351,2024-01-06
san francisco,2723,2024-01-07
san francisco,8009,2024-01-08
san francisco,8837,2024-01-09
san francisco,9565,2024-01-10
san francisco,7690,2024-01-11
san francisco,4724,2024-01-12
san francisco,3592,2024-01-13
san francisco,3096,2024-01-14
san francisco,8183,2024-01-15
san francisco,7810,2024-01-16
san francisco,8508,2024-01-17
san francisco,7408,2024-01-18
san francisco,6219,2024-01-19
san francisco,3740,2024-01-20
san francisco,3365,2024-01-21
san francisco,7427,2024-01-22
san francisco,9262,2024-01-23
san francisco,9669,2024-01-24
san francisco,8262,2024-01-25
san francisco,7036,2024-01-26
san francisco,5344,2024-01-27
san francisco,3771,2024-01-28
san francisco,7700,2024-01-29
san francisco,9005,2024-01-30
san francisco,9640,2024-01-31
san francisco,6483,2024-02-01
san francisco,5141,2024-02-02
san francisco,3129,2024-02-03
san francisco,4890,2024-02-04
san francisco,7292,2024-02-05
san francisco,7189,2024-02-06
san francisco,9254,2024-02-07
san francisco,8562,2024-02-08
san francisco,5129,2024-02-09
san francisco,4268,2024-02-10
san francisco,4538,2024-02-11
san francisco,6752,2024-02-12
san francisco,8521,2024-02-13
san francisco,8372,2024-02-14
san francisco,6904,2024-02-15
san francisco,5791,2024-02-16
san francisco,3744,2024-02-17
san francisco,4176,2024-02-18
san francisco,6187,2024-02-19
san francisco,8496,2024-02-20
san francisco,10044,2024-02-21
san francisco,7485,2024-02-22
san francisco,4276,2024-02-23
san francisco,4279,2024-02-24
san francisco,4127,2024-02-25
san francisco,6523,2024-02-26
san francisco,9910,2024-02-27
san francisco,9256,2024-02-28
san francisco,7947,2024-02-29
san francisco,4396,2024-03-01
san francisco,3567,2024-03-02
san francisco,4728,2024-03-03
san francisco,5351,2024-03-04
san francisco,8870,2024-03-05
san francisco,9345,2024-03-06
san francisco,7764,2024-03-07
san francisco,6033,2024-03-08
san francisco,3976,2024-03-09
san francisco,5370,2024-03-10
san francisco,5766,2024-03-11
san francisco,8822,2024-03-12
san francisco,9333,2024-03-13
san francisco,6943,2024-03-14
san francisco,5974,2024-03-15
san francisco,5447,2024-03-16
san francisco,4265,2024-03-17
san francisco,6873,2024-03-18
san francisco,8784,2024-03-19
san francisco,8743,2024-03-20
san francisco,6388,2024-03-21
san francisco,4745,2024-03-22
san francisco,2701,2024-03-23
san francisco,5537,2024-03-24
san francisco,6415,2024-03-25
san francisco,8466,2024-03-26
san francisco,9928,2024-03-27
san francisco,6904,2024-03-28
san francisco,4700,2024-03-29
san francisco,3780,2024-03-30
san jose,8653,2024-01-01
san jose,12072,2024-01-02
san jose,11570,2024-01-03
san jose,10094,2024-01-04
san jose,7333,2024-01-05
san jose,5551,2024-01-06
san jose,6622,2024-01-07
san jose,8351,2024-01-08
san jose,10683,2024-01-09
san jose,11962,2024-01-10
san jose,9732,2024-01-11
san jose,7425,2024-01-12
san jose,5549,2024-01-13
san jose,6299,2024-01-14
san jose,8331,2024-01-15
san jose,10713,2024-01-16
san jose,11207,2024-01-17
san jose,10407,2024-01-18
san jose,7444,2024-01-19
san jose,6183,2024-01-20
san jose,6821,2024-01-21
san jose,8439,2024-01-22
san jose,11478,2024-01-23
san jose,11612,2024-01-24
san jose,9903,2024-01-25
san jose,7987,2024-01-26
san jose,5999,2024-01-27
san jose,6128,2024-01-28
san jose,8916,2024-01-29
san jose,10398,2024-01-30
san jose,11744,2024-01-31
san jose,9228,2024-02-01
san jose,6862,2024-02-02
san jose,6015,2024-02-03
san jose,4962,2024-02-04
san jose,9577,2024-02-05
san jose,11455,2024-02-06
san jose,10694,2024-02-07
san jose,11189,2024-02-08
san jose,8703,2024-02-09
san jose,5630,2024-02-10
san jose,5839,2024-02-11
san jose,9518,2024-02-12
san jose,10862,2024-02-13
san jose,11700,2024-02-14
san jose,10595,2024-02-15
san jose,7280,2024-02-16
san jose,5600,2024-02-17
san jose,5665,2024-02-18
san jose,8353,2024-02-19
san jose,10904,2024-02-20
san jose,10996,2024-02-21
san jose,9405,2024-02-22
san jose,7374,2024-02-23
san jose,4790,2024-02-24
san jose,5863,2024-02-25
san jose,9648,2024-02-26
san jose,10861,2024-02-27
san jose,11382,2024-02-28
san jose,9806,2024-02-29
san jose,7189,2024-03-01
san jose,6010,2024-03-02
san jose,6559,2024-03-03
san jose,8473,2024-03-04
san jose,10927,2024-03-05
san jose,12279,2024-03-06
san jose,9223,2024-03-07
san jose,7329,2024-03-08
san jose,5789,2024-03-09
san jose,5914,2024-03-10
san jose,8612,2024-03-11
san jose,10576,2024-03-12
san jose,11940,2024-03-13
san jose,9309,2024-03-14
san jose,7892,2024-03-15
san jose,5684,2024-03-16
san jose,6080,2024-03-17
san jose,8165,2024-03-18
san jose,11553,2024-03-19
san jose,11291,2024-03-20
san jose,9395,2024-03-21
san jose,7886,2024-03-22
san jose,5266,2024-03-23
san jose,6257,2024-03-24
san jose,9082,2024-03-25
san jose,11114,2024-03-26
san jose,12490,2024-03-27
san jose,9563,2024-03-28
san jose,7252,2024-03-29
san jose,5654,2024-03-30
seattle,13377,2024-01-01
seattle,14884,2024-01-02
seattle,16872,2024-01-03
seattle,14118,2024-01-04
seattle,9966,2024-01-05
seattle,10440,2024-01-06
seattle,11700,2024-01-07
seattle,12361,2024-01-08
seattle,14377,2024-01-09
seattle,14979,2024-01-10
seattle,13405,2024-01-11
seattle,11503,2024-01-12
seattle,10967,2024-01-13
seattle,11869,2024-01-14
seattle,11402,2024-01-15
seattle,14766,2024-01-16
seattle,15709,2024-01-17
seattle,14222,2024-01-18
seattle,13024,2024-01-19
seattle,9101,2024-01-20
seattle,9240,2024-01-21
seattle,14269,2024-01-22
seattle,15489,2024-01-23
seattle,15151,2024-01-24
seattle,14202,2024-01-25
seattle,11965,2024-01-26
seattle,10005,2024-01-27
seattle,10985,2024-01-28
seattle,13178,2024-01-29
seattle,16296,2024-01-30
seattle,16132,2024-01-31
seattle,15204,2024-02-01
seattle,10951,2024-02-02
seattle,10164,2024-02-03
seattle,11049,2024-02-04
seattle,11723,2024-02-05
seattle,15763,2024-02-06
seattle,15926,2024-02-07
seattle,13858,2024-02-08
seattle,11692,2024-02-09
seattle,11187,2024-02-10
seattle,10386,2024-02-11
seattle,13778,2024-02-12
seattle,14847,2024-02-13
seattle,15999,2024-02-14
seattle,14148,2024-02-15
seattle,13236,2024-02-16
seattle,9819,2024-02-17
seattle,10528,2024-02-18
seattle,11989,2024-02-19
seattle,14307,2024-02-20
seattle,15972,2024-02-21
seattle,15115,2024-02-22
seattle,12338,2024-02-23
seattle,10383,2024-02-24
seattle,10323,2024-02-25
seattle,13525,2024-02-26
seattle,14402,2024-02-27
seattle,14654,2024-02-28
seattle,13895,2024-02-29
seattle,10510,2024-03-01
seattle,9503,2024-03-02
seattle,12099,2024-03-03
seattle,11950,2024-03-04
seattle,14249,2024-03-05
seattle,15562,2024-03-06
seattle,14172,2024-03-07
seattle,11660,2024-03-08
seattle,9106,2024-03-09
seattle,11436,2024-03-10
seattle,12668,2024-03-11
seattle,15788,2024-03-12
seattle,15104,2024-03-13
seattle,14720,2024-03-14
seattle,12638,2024-03-15
seattle,10088,2024-03-16
seattle,11457,2024-03-17
seattle,12102,2024-03-18
seattle,15176,2024-03-19
seattle,16297,2024-03-20
seattle,14424,2024-03-21
seattle,13347,2024-03-22
seattle,10753,2024-03-23
seattle,10661,2024-03-24
seattle,14766,2024-03-25
seattle,16052,2024-03-26
seattle,14492,2024-03-27
seattle,13591,2024-03-28
seattle,11146,2024-03-29
seattle,10799,2024-03-30
tucson,15258,2024-01-01
tucson,16736,2024-01-02
tucson,16333,2024-01-03
tucson,15551,2024-01-04
tucson,11819,2024-01-05
tucson,12984,2024-01-06
tucson,11823,2024-01-07
tucson,14129,2024-01-08
tucson,17470,2024-01-09
tucson,15870,2024-01-10
tucson,14766,2024-01-11
tucson,13608,2024-01-12
tucson,12366,2024-01-13
tucson,12412,2024-01-14
tucson,14520,2024-01-15
tucson,17636,2024-01-16
tucson,17651,2024-01-17
tucson,16103,2024-01-18
tucson,14009,2024-01-19
tucson,11717,2024-01-20
tucson,14188,2024-01-21
tucson,12726,2024-01-22
tucson,17786,2024-01-23
tucson,17861,2024-01-24
tucson,15903,2024-01-25
tucson,13459,2024-01-26
tucson,11832,2024-01-27
tucson,13342,2024-01-28
tucson,14519,2024-01-29
tucson,16057,2024-01-30
tucson,17861,2024-01-31
tucson,16960,2024-02-01
tucson,11871,2024-02-02
tucson,13819,2024-02-03
tucson,11649,2024-02-04
tucson,13791,2024-02-05
tucson,15648,2024-02-06
tucson,17148,2024-02-07
tucson,14694,2024-02-08
tucson,12479,2024-02-09
tucson,11410,2024-02-10
tucson,12579,2024-02-11
tucson,14737,2024-02-12
tucson,17615,2024-02-13
tucson,18111,2024-02-14
tucson,16517,2024-02-15
tucson,13189,2024-02-16
tucson,10498,2024-02-17
tucson,10995,2024-02-18
tucson,15356,2024-02-19
tucson,17300,2024-02-20
tucson,16659,2024-02-21
tucson,14567,2024-02-22
tucson,12567,2024-02-23
tucson,12093,2024-02-24
tucson,12609,2024-02-25
tucson,15376,2024-02-26
tucson,16277,2024-02-27
tucson,16954,2024-02-28
tucson,16597,2024-02-29
tucson,11715,2024-03-01
tucson,12206,2024-03-02
tucson,12205,2024-03-03
tucson,15115,2024-03-04
tucson,17038,2024-03-05
tucson,16596,2024-03-06
tucson,15305,2024-03-07
tucson,11575,2024-03-08
tucson,12548,2024-03-09
tucson,12659,2024-03-10
tucson,15657,2024-03-11
tucson,16317,2024-03-12
tucson,17870,2024-03-13
tucson,14860,2024-03-14
tucson,11256,2024-03-15
tucson,11880,2024-03-16
tucson,12021,2024-03-17
tucson,13720,2024-03-18
tucson,17343,2024-03-19
tucson,18103,2024-03-20
tucson,15790,2024-03-21
tucson,13251,2024-03-22
tucson,12004,2024-03-23
tucson,11953,2024-03-24
tucson,14996,2024-03-25
tucson,15415,2024-03-26
tucson,16298,2024-03-27
tucson,15081,2024-03-28
tucson,13824,2024-03-29
tucson,11715,2024-03-30
washington,11403,2024-01-01
washington,15893,2024-01-02
washington,15915,2024-01-03
washington,13271,2024-01-04
washington,9316,2024-01-05
washington,7742,2024-01-06
washington,7961,2024-01-07
washington,11467,2024-01-08
washington,14916,2024-01-09
washington,16363,2024-01-10
washington,13849,2024-01-11
washington,8861,2024-01-12
washington,7162,2024-01-13
washington,7664,2024-01-14
washington,11470,2024-01-15
washington,14737,2024-01-16
washington,15896,2024-01-17
washington,13010,2024-01-18
washington,8859,2024-01-19
washington,7009,2024-01-20
washington,7563,2024-01-21
washington,10812,2024-01-22
washington,16258,2024-01-23
washington,15536,2024-01-24
washington,14064,2024-01-25
washington,8661,2024-01-26
washington,7048,2024-01-27
washington,7615,2024-01-28
washington,11145,2024-01-29
washington,15274,2024-01-30
washington,16126,2024-01-31
washington,13118,2024-02-01
washington,8968,2024-02-02
washington,6039,2024-02-03
washington,7891,2024-02-04
washington,10835,2024-02-05
washington,15178,2024-02-06
washington,16389,2024-02-07
washington,13625,2024-02-08
washington,9035,2024-02-09
washington,7273,2024-02-10
washington,7537,2024-02-11
washington,10795,2024-02-12
washington,15035,2024-02-13
washington,16386,2024-02-14
washington,13186,2024-02-15
washington,9831,2024-02-16
washington,6438,2024-02-17
washington,7424,2024-02-18
washington,10938,2024-02-19
washington,15516,2024-02-20
washington,16068,2024-02-21
washington,13035,2024-02-22
washington,9198,2024-02-23
washington,5295,2024-02-24
washington,8126,2024-02-25
washington,11373,2024-02-26
washington,13980,2024-02-27
washington,15371,2024-02-28
washington,13312,2024-02-29
washington,8741,2024-03-01
washington,7216,2024-03-02
washington,7948,2024-03-03
washington,11637,2024-03-04
washington,13882,2024-03-05
washington,15834,2024-03-06
washington,13175,2024-03-07
washington,8920,2024-03-08
washington,6615,2024-03-09
washington,7180,2024-03-10
washington,11565,2024-03-11
washington,15557,2024-03-12
washington,16433,2024-03-13
washington,13453,2024-03-14
washington,10388,2024-03-15
washington,7388,2024-03-16
washington,7689,2024-03-17
washington,11218,2024-03-18
washington,15841,2024-03-19
washington,16596,2024-03-20
washington,12821,2024-03-21
washington,9934,2024-03-22
washington,6745,2024-03-23
washington,7312,2024-03-24
washington,10474,2024-03-25
washington,15043,2024-03-26
washington,16089,2024-03-27
washington,14310,2024-03-28
washington,9870,2024-03-29
washington,6532,2024-03-30
