location,Y,date
albuquerque,10987,2024-01-01
atlanta,11060,2024-01-01
austin,12527,2024-01-01
baltimore,9999,2024-01-01
boston,13013,2024-01-01
charlotte,10899,2024-01-01
chicago,12526,2024-01-01
columbus,11233,2024-01-01
dallas,11698,2024-01-01
denver,10585,2024-01-01
detroit,9348,2024-01-01
el paso,9456,2024-01-01
fort worth,13446,2024-01-01
fresno,9268,2024-01-01
houston,9485,2024-01-01
indianapolis,9147,2024-01-01
jacksonville,11073,2024-01-01
kansas city,12710,2024-01-01
las vegas,10694,2024-01-01
los angeles,8200,2024-01-01
louisville,10300,2024-01-01
memphis,10958,2024-01-01
mesa,8708,2024-01-01
miami,9108,2024-01-01
milwaukee,13161,2024-01-01
nashville,10592,2024-01-01
new york,9897,2024-01-01
oakland,7461,2024-01-01
oklahoma city,12194,2024-01-01
philadelphia,12308,2024-01-01
phoenix,10888,2024-01-01
portland,11196,2024-01-01
sacramento,8832,2024-01-01
san antonio,10040,2024-01-01
san diego,13071,2024-01-01
san francisco,8452,2024-01-01
san jose,8247,2024-01-01
seattle,8484,2024-01-01
tucson,13396,2024-01-01
washington,9853,2024-01-01
albuquerque,10578,2024-01-02
atlanta,9031,2024-01-02
austin,10776,2024-01-02
baltimore,10766,2024-01-02
boston,10596,2024-01-02
charlotte,10545,2024-01-02
chicago,12652,2024-01-02
columbus,11772,2024-01-02
dallas,13673,2024-01-02
denver,11401,2024-01-02
detroit,9857,2024-01-02
el paso,11649,2024-01-02
fort worth,12109,2024-01-02
fresno,10035,2024-01-02
houston,10300,2024-01-02
indianapolis,10356,2024-01-02
jacksonville,9801,2024-01-02
kansas city,11430,2024-01-02
las vegas,11301,2024-01-02
los angeles,8364,2024-01-02
louisville,10108,2024-01-02
memphis,7731,2024-01-02
mesa,10907,2024-01-02
miami,9568,2024-01-02
milwaukee,12820,2024-01-02
nashville,11592,2024-01-02
new york,10462,2024-01-02
oakland,7990,2024-01-02
oklahoma city,12028,2024-01-02
philadelphia,13554,2024-01-02
phoenix,9611,2024-01-02
portland,10742,2024-01-02
sacramento,11553,2024-01-02
san antonio,9150,2024-01-02
san diego,13118,2024-01-02
san francisco,8914,2024-01-02
san jose,7866,2024-01-02
seattle,9903,2024-01-02
tucson,12346,2024-01-02
washington,8283,2024-01-02
albuquerque,9928,2024-01-03
atlanta,10396,2024-01-03
austin,11541,2024-01-03
baltimore,8992,2024-01-03
boston,10691,2024-01-03
charlotte,11989,2024-01-03
chicago,13268,2024-01-03
columbus,11062,2024-01-03
dallas,11378,2024-01-03
denver,8587,2024-01-03
detroit,8133,2024-01-03
el paso,11700,2024-01-03
fort worth,10881,2024-01-03
fresno,9576,2024-01-03
houston,9796,2024-01-03
indianapolis,8601,2024-01-03
jacksonville,11699,2024-01-03
kansas city,10944,2024-01-03
las vegas,10090,2024-01-03
los angeles,9582,2024-01-03
louisville,10098,2024-01-03
memphis,7470,2024-01-03
mesa,10501,2024-01-03
miami,10690,2024-01-03
milwaukee,12652,2024-01-03
nashville,8093,2024-01-03
new york,9162,2024-01-03
oakland,10381,2024-01-03
oklahoma city,10622,2024-01-03
philadelphia,10081,2024-01-03
phoenix,11172,2024-01-03
portland,10306,2024-01-03
sacramento,9271,2024-01-03
san antonio,10744,2024-01-03
san diego,11490,2024-01-03
san francisco,8561,2024-01-03
san jose,7745,2024-01-03
seattle,10334,2024-01-03
tucson,13509,2024-01-03
washington,9367,2024-01-03
albuquerque,11332,2024-01-04
atlanta,11688,2024-01-04
austin,10263,2024-01-04
baltimore,12083,2024-01-04
boston,12387,2024-01-04
charlotte,9772,2024-01-04
chicago,9461,2024-01-04
columbus,12208,2024-01-04
dallas,10234,2024-01-04
denver,10357,2024-01-04
detroit,8424,2024-01-04
el paso,13193,2024-01-04
fort worth,13917,2024-01-04
fresno,9516,2024-01-04
houston,11032,2024-01-04
indianapolis,10312,2024-01-04
jacksonville,8135,2024-01-04
kansas city,11581,2024-01-04
las vegas,10060,2024-01-04
los angeles,10924,2024-01-04
louisville,12178,2024-01-04
memphis,11324,2024-01-04
mesa,10032,2024-01-04
miami,8574,2024-01-04
milwaukee,9433,2024-01-04
nashville,8502,2024-01-04
new york,8909,2024-01-04
oakland,10586,2024-01-04
oklahoma city,10875,2024-01-04
philadelphia,11985,2024-01-04
phoenix,10526,2024-01-04
portland,9995,2024-01-04
sacramento,10132,2024-01-04
san antonio,10554,2024-01-04
san diego,10909,2024-01-04
san francisco,10108,2024-01-04
san jose,10621,2024-01-04
seattle,8524,2024-01-04
tucson,13828,2024-01-04
washington,12071,2024-01-04
albuquerque,10167,2024-01-05
atlanta,12487,2024-01-05
austin,13251,2024-01-05
baltimore,8550,2024-01-05
boston,11286,2024-01-05
charlotte,11893,2024-01-05
chicago,10839,2024-01-05
columbus,11503,2024-01-05
dallas,10461,2024-01-05
denver,9388,2024-01-05
detroit,7962,2024-01-05
el paso,9670,2024-01-05
fort worth,13825,2024-01-05
fresno,10573,2024-01-05
houston,12148,2024-01-05
indianapolis,10571,2024-01-05
jacksonville,10833,2024-01-05
kansas city,12740,2024-01-05
las vegas,9894,2024-01-05
los angeles,9506,2024-01-05
louisville,11418,2024-01-05
memphis,11093,2024-01-05
mesa,9190,2024-01-05
miami,11398,2024-01-05
milwaukee,10729,2024-01-05
nashville,9094,2024-01-05
new york,9437,2024-01-05
oakland,9858,2024-01-05
oklahoma city,8447,2024-01-05
philadelphia,9761,2024-01-05
phoenix,11146,2024-01-05
portland,9206,2024-01-05
sacramento,9415,2024-01-05
san antonio,8874,2024-01-05
san diego,11351,2024-01-05
san francisco,8678,2024-01-05
san jose,8284,2024-01-05
seattle,10492,2024-01-05
tucson,10958,2024-01-05
washington,11817,2024-01-05
albuquerque,11285,2024-01-06
atlanta,10333,2024-01-06
austin,11722,2024-01-06
baltimore,10703,2024-01-06
boston,11880,2024-01-06
charlotte,10361,2024-01-06
chicago,10522,2024-01-06
columbus,9778,2024-01-06
dallas,13369,2024-01-06
denver,10894,2024-01-06
detroit,9264,2024-01-06
el paso,13345,2024-01-06
fort worth,12597,2024-01-06
fresno,10230,2024-01-06
houston,10091,2024-01-06
indianapolis,9791,2024-01-06
jacksonville,8573,2024-01-06
kansas city,13016,2024-01-06
las vegas,9983,2024-01-06
los angeles,8189,2024-01-06
louisville,12098,2024-01-06
memphis,9439,2024-01-06
mesa,9634,2024-01-06
miami,8554,2024-01-06
milwaukee,11160,2024-01-06
nashville,11142,2024-01-06
new york,9415,2024-01-06
oakland,10729,2024-01-06
oklahoma city,11462,2024-01-06
philadelphia,11139,2024-01-06
phoenix,9230,2024-01-06
portland,11009,2024-01-06
sacramento,7692,2024-01-06
san antonio,11152,2024-01-06
san diego,10395,2024-01-06
san francisco,11720,2024-01-06
san jose,9783,2024-01-06
seattle,8162,2024-01-06
tucson,12259,2024-01-06
washington,9226,2024-01-06
albuquerque,11568,2024-01-07
atlanta,10937,2024-01-07
austin,10190,2024-01-07
baltimore,10934,2024-01-07
boston,12665,2024-01-07
charlotte,11082,2024-01-07
chicago,12944,2024-01-07
columbus,12493,2024-01-07
dallas,10022,2024-01-07
denver,11992,2024-01-07
detroit,10172,2024-01-07
el paso,12431,2024-01-07
fort worth,10573,2024-01-07
fresno,9714,2024-01-07
houston,10685,2024-01-07
indianapolis,8108,2024-01-07
jacksonville,8044,2024-01-07
kansas city,12485,2024-01-07
las vegas,11831,2024-01-07
los angeles,8627,2024-01-07
louisville,12054,2024-01-07
memphis,10592,2024-01-07
mesa,8975,2024-01-07
miami,9674,2024-01-07
milwaukee,10347,2024-01-07
nashville,10194,2024-01-07
new york,9702,2024-01-07
oakland,9633,2024-01-07
oklahoma city,9621,2024-01-07
philadelphia,13683,2024-01-07
phoenix,11929,2024-01-07
portland,9872,2024-01-07
sacramento,11198,2024-01-07
san antonio,8889,2024-01-07
san diego,12072,2024-01-07
san francisco,8960,2024-01-07
san jose,7983,2024-01-07
seattle,11936,2024-01-07
tucson,13727,2024-01-07
washington,8901,2024-01-07
albuquerque,12507,2024-01-08
atlanta,9536,2024-01-08
austin,11206,2024-01-08
baltimore,10943,2024-01-08
boston,10916,2024-01-08
charlotte,11432,2024-01-08
chicago,11909,2024-01-08
columbus,13027,2024-01-08
dallas,11656,2024-01-08
denver,10396,2024-01-08
detroit,10181,2024-01-08
el paso,10264,2024-01-08
fort worth,12375,2024-01-08
fresno,10336,2024-01-08
houston,12472,2024-01-08
indianapolis,10222,2024-01-08
jacksonville,9394,2024-01-08
kansas city,11038,2024-01-08
las vegas,11339,2024-01-08
los angeles,10320,2024-01-08
louisville,11306,2024-01-08
memphis,9651,2024-01-08
mesa,10776,2024-01-08
miami,10664,2024-01-08
milwaukee,12501,2024-01-08
nashville,10380,2024-01-08
new york,10066,2024-01-08
oakland,9647,2024-01-08
oklahoma city,11525,2024-01-08
philadelphia,12759,2024-01-08
phoenix,10780,2024-01-08
portland,9822,2024-01-08
sacramento,10909,2024-01-08
san antonio,10159,2024-01-08
san diego,13140,2024-01-08
san francisco,10727,2024-01-08
san jose,10343,2024-01-08
seattle,10323,2024-01-08
tucson,13657,2024-01-08
washington,10862,2024-01-08
albuquerque,10021,2024-01-09
atlanta,8876,2024-01-09
austin,10875,2024-01-09
baltimore,12070,2024-01-09
boston,12524,2024-01-09
charlotte,11861,2024-01-09
chicago,11136,2024-01-09
columbus,10727,2024-01-09
dallas,11777,2024-01-09
denver,11346,2024-01-09
detroit,7534,2024-01-09
el paso,11121,2024-01-09
fort worth,12498,2024-01-09
fresno,11097,2024-01-09
houston,9024,2024-01-09
indianapolis,11047,2024-01-09
jacksonville,9561,2024-01-09
kansas city,11721,2024-01-09
las vegas,12651,2024-01-09
los angeles,10299,2024-01-09
louisville,12416,2024-01-09
memphis,9621,2024-01-09
mesa,8626,2024-01-09
miami,9393,2024-01-09
milwaukee,10469,2024-01-09
nashville,10677,2024-01-09
new york,8483,2024-01-09
oakland,10130,2024-01-09
oklahoma city,12143,2024-01-09
philadelphia,9900,2024-01-09
phoenix,11577,2024-01-09
portland,11347,2024-01-09
sacramento,8601,2024-01-09
san antonio,8996,2024-01-09
san diego,13614,2024-01-09
san francisco,8412,2024-01-09
san jose,10703,2024-01-09
seattle,10361,2024-01-09
tucson,13319,2024-01-09
washington,9506,2024-01-09
albuquerque,11434,2024-01-10
atlanta,11848,2024-01-10
austin,12080,2024-01-10
baltimore,10068,2024-01-10
boston,11867,2024-01-10
charlotte,11422,2024-01-10
chicago,11951,2024-01-10
columbus,12449,2024-01-10
dallas,11926,2024-01-10
denver,9776,2024-01-10
detroit,10403,2024-01-10
el paso,9742,2024-01-10
fort worth,11881,2024-01-10
fresno,10418,2024-01-10
houston,12821,2024-01-10
indianapolis,9948,2024-01-10
jacksonville,10115,2024-01-10
kansas city,11012,2024-01-10
las vegas,10341,2024-01-10
los angeles,9850,2024-01-10
louisville,10997,2024-01-10
memphis,9830,2024-01-10
mesa,10989,2024-01-10
miami,10361,2024-01-10
milwaukee,9428,2024-01-10
nashville,10053,2024-01-10
new york,11296,2024-01-10
oakland,10961,2024-01-10
oklahoma city,8810,2024-01-10
philadelphia,12240,2024-01-10
phoenix,11915,2024-01-10
portland,12226,2024-01-10
sacramento,9540,2024-01-10
san antonio,9890,2024-01-10
san diego,11922,2024-01-10
san francisco,11236,2024-01-10
san jose,8140,2024-01-10
seattle,9796,2024-01-10
tucson,10808,2024-01-10
washington,9921,2024-01-10
albuquerque,9963,2024-01-11
atlanta,10243,2024-01-11
austin,13346,2024-01-11
baltimore,10883,2024-01-11
boston,11109,2024-01-11
charlotte,11102,2024-01-11
chicago,12239,2024-01-11
columbus,9781,2024-01-11
dallas,10841,2024-01-11
denver,8624,2024-01-11
detroit,8655,2024-01-11
el paso,12900,2024-01-11
fort worth,10810,2024-01-11
fresno,8358,2024-01-11
houston,9903,2024-01-11
indianapolis,8478,2024-01-11
jacksonville,9902,2024-01-11
kansas city,9795,2024-01-11
las vegas,13375,2024-01-11
los angeles,8015,2024-01-11
louisville,10189,2024-01-11
memphis,9935,2024-01-11
mesa,8195,2024-01-11
miami,10684,2024-01-11
milwaukee,12444,2024-01-11
nashville,10685,2024-01-11
new york,8816,2024-01-11
oakland,9743,2024-01-11
oklahoma city,9758,2024-01-11
philadelphia,11206,2024-01-11
phoenix,10021,2024-01-11
portland,11433,2024-01-11
sacramento,11398,2024-01-11
san antonio,8356,2024-01-11
san diego,11793,2024-01-11
san francisco,8448,2024-01-11
san jose,7720,2024-01-11
seattle,10806,2024-01-11
tucson,11366,2024-01-11
washington,10648,2024-01-11
albuquerque,12462,2024-01-12
atlanta,12428,2024-01-12
austin,12769,2024-01-12
baltimore,12106,2024-01-12
boston,10332,2024-01-12
charlotte,11205,2024-01-12
chicago,12759,2024-01-12
columbus,11244,2024-01-12
dallas,13526,2024-01-12
denver,10636,2024-01-12
detroit,9562,2024-01-12
el paso,10468,2024-01-12
fort worth,11032,2024-01-12
fresno,11267,2024-01-12
houston,8894,2024-01-12
indianapolis,9432,2024-01-12
jacksonville,10908,2024-01-12
kansas city,10877,2024-01-12
las vegas,12776,2024-01-12
los angeles,7979,2024-01-12
louisville,10588,2024-01-12
memphis,8716,2024-01-12
mesa,10912,2024-01-12
miami,8020,2024-01-12
milwaukee,12890,2024-01-12
nashville,8973,2024-01-12
new york,9356,2024-01-12
oakland,7653,2024-01-12
oklahoma city,9167,2024-01-12
philadelphia,13374,2024-01-12
phoenix,9090,2024-01-12
portland,10829,2024-01-12
sacramento,7872,2024-01-12
san antonio,9454,2024-01-12
san diego,10233,2024-01-12
san francisco,9665,2024-01-12
san jose,8153,2024-01-12
seattle,8843,2024-01-12
tucson,11550,2024-01-12
washington,9412,2024-01-12
albuquerque,12430,2024-01-13
atlanta,9807,2024-01-13
austin,11098,2024-01-13
baltimore,9003,2024-01-13
boston,11913,2024-01-13
charlotte,11708,2024-01-13
chicago,11671,2024-01-13
columbus,10534,2024-01-13
dallas,10970,2024-01-13
denver,8689,2024-01-13
detroit,8071,2024-01-13
el paso,12039,2024-01-13
fort worth,10598,2024-01-13
fresno,10169,2024-01-13
houston,10244,2024-01-13
indianapolis,11064,2024-01-13
jacksonville,10618,2024-01-13
kansas city,10882,2024-01-13
las vegas,11384,2024-01-13
los angeles,10276,2024-01-13
louisville,11195,2024-01-13
memphis,10240,2024-01-13
mesa,8446,2024-01-13
miami,9225,2024-01-13
milwaukee,11520,2024-01-13
nashville,9474,2024-01-13
new york,9159,2024-01-13
oakland,8687,2024-01-13
oklahoma city,11980,2024-01-13
philadelphia,10747,2024-01-13
phoenix,12911,2024-01-13
portland,10154,2024-01-13
sacramento,7839,2024-01-13
san antonio,11540,2024-01-13
san diego,10730,2024-01-13
san francisco,10285,2024-01-13
san jose,9987,2024-01-13
seattle,10525,2024-01-13
tucson,10826,2024-01-13
washington,9796,2024-01-13
albuquerque,13124,2024-01-14
atlanta,9166,2024-01-14
austin,10513,2024-01-14
baltimore,9885,2024-01-14
boston,13129,2024-01-14
charlotte,8970,2024-01-14
chicago,12002,2024-01-14
columbus,10192,2024-01-14
dallas,11959,2024-01-14
denver,10148,2024-01-14
detroit,7800,2024-01-14
el paso,11787,2024-01-14
fort worth,10562,2024-01-14
fresno,9653,2024-01-14
houston,8955,2024-01-14
indianapolis,11124,2024-01-14
jacksonville,10322,2024-01-14
kansas city,12514,2024-01-14
las vegas,11889,2024-01-14
los angeles,9907,2024-01-14
louisville,11178,2024-01-14
memphis,10418,2024-01-14
mesa,9515,2024-01-14
miami,9365,2024-01-14
milwaukee,9993,2024-01-14
nashville,10192,2024-01-14
new york,10847,2024-01-14
oakland,9549,2024-01-14
oklahoma city,10372,2024-01-14
philadelphia,11250,2024-01-14
phoenix,10607,2024-01-14
portland,10009,2024-01-14
sacramento,11613,2024-01-14
san antonio,10069,2024-01-14
san diego,12585,2024-01-14
san francisco,9084,2024-01-14
san jose,10436,2024-01-14
seattle,7966,2024-01-14
tucson,12947,2024-01-14
washington,8083,2024-01-14
albuquerque,12457,2024-01-15
atlanta,12390,2024-01-15
austin,12060,2024-01-15
baltimore,9630,2024-01-15
boston,12530,2024-01-15
charlotte,12205,2024-01-15
chicago,11258,2024-01-15
columbus,11280,2024-01-15
dallas,11224,2024-01-15
denver,9735,2024-01-15
detroit,10273,2024-01-15
el paso,9750,2024-01-15
fort worth,10077,2024-01-15
fresno,8953,2024-01-15
houston,12014,2024-01-15
indianapolis,9763,2024-01-15
jacksonville,11354,2024-01-15
kansas city,12794,2024-01-15
las vegas,12594,2024-01-15
los angeles,7574,2024-01-15
louisville,12045,2024-01-15
memphis,9532,2024-01-15
mesa,9720,2024-01-15
miami,11500,2024-01-15
milwaukee,12330,2024-01-15
nashville,10585,2024-01-15
new york,8533,2024-01-15
oakland,10458,2024-01-15
oklahoma city,11989,2024-01-15
philadelphia,11954,2024-01-15
phoenix,10063,2024-01-15
portland,9284,2024-01-15
sacramento,8132,2024-01-15
san antonio,11728,2024-01-15
san diego,9810,2024-01-15
san francisco,10778,2024-01-15
san jose,9807,2024-01-15
seattle,9760,2024-01-15
tucson,11100,2024-01-15
washington,11633,2024-01-15
albuquerque,13773,2024-01-16
atlanta,10640,2024-01-16
austin,10140,2024-01-16
baltimore,11439,2024-01-16
boston,13329,2024-01-16
charlotte,10147,2024-01-16
chicago,10183,2024-01-16
columbus,11575,2024-01-16
dallas,12159,2024-01-16
denver,11860,2024-01-16
detroit,7786,2024-01-16
el paso,10241,2024-01-16
fort worth,13584,2024-01-16
fresno,8862,2024-01-16
houston,12004,2024-01-16
indianapolis,9058,2024-01-16
jacksonville,8758,2024-01-16
kansas city,10685,2024-01-16
las vegas,12961,2024-01-16
los angeles,7348,2024-01-16
louisville,10145,2024-01-16
memphis,7544,2024-01-16
mesa,8321,2024-01-16
miami,7867,2024-01-16
milwaukee,12910,2024-01-16
nashville,8758,2024-01-16
new york,11590,2024-01-16
oakland,9172,2024-01-16
oklahoma city,9733,2024-01-16
philadelphia,12494,2024-01-16
phoenix,12280,2024-01-16
portland,11766,2024-01-16
sacramento,10273,2024-01-16
san antonio,10052,2024-01-16
san diego,13714,2024-01-16
san francisco,9107,2024-01-16
san jose,10305,2024-01-16
seattle,11561,2024-01-16
tucson,11281,2024-01-16
washington,9786,2024-01-16
albuquerque,12368,2024-01-17
atlanta,9963,2024-01-17
austin,13126,2024-01-17
baltimore,10096,2024-01-17
boston,12025,2024-01-17
charlotte,9392,2024-01-17
chicago,9881,2024-01-17
columbus,11980,2024-01-17
dallas,11449,2024-01-17
denver,11289,2024-01-17
detroit,10138,2024-01-17
el paso,10095,2024-01-17
fort worth,12100,2024-01-17
fresno,11468,2024-01-17
houston,12087,2024-01-17
indianapolis,10279,2024-01-17
jacksonville,11544,2024-01-17
kansas city,12475,2024-01-17
las vegas,12204,2024-01-17
los angeles,8539,2024-01-17
louisville,11691,2024-01-17
memphis,9240,2024-01-17
mesa,8976,2024-01-17
miami,8984,2024-01-17
milwaukee,12348,2024-01-17
nashville,10394,2024-01-17
new york,12336,2024-01-17
oakland,9801,2024-01-17
oklahoma city,11939,2024-01-17
philadelphia,11603,2024-01-17
phoenix,10762,2024-01-17
portland,12870,2024-01-17
sacramento,8303,2024-01-17
san antonio,8202,2024-01-17
san diego,11522,2024-01-17
san francisco,8880,2024-01-17
san jose,7650,2024-01-17
seattle,10136,2024-01-17
tucson,12743,2024-01-17
washington,10118,2024-01-17
albuquerque,13579,2024-01-18
atlanta,10899,2024-01-18
austin,12004,2024-01-18
baltimore,11241,2024-01-18
boston,11989,2024-01-18
charlotte,9904,2024-01-18
chicago,12815,2024-01-18
columbus,10043,2024-01-18
dallas,12937,2024-01-18
denver,11470,2024-01-18
detroit,7675,2024-01-18
el paso,12268,2024-01-18
fort worth,10641,2024-01-18
fresno,8476,2024-01-18
houston,12241,2024-01-18
indianapolis,7937,2024-01-18
jacksonville,9930,2024-01-18
kansas city,12538,2024-01-18
las vegas,12869,2024-01-18
los angeles,11043,2024-01-18
louisville,10396,2024-01-18
memphis,11401,2024-01-18
mesa,7984,2024-01-18
miami,9556,2024-01-18
milwaukee,10872,2024-01-18
nashville,8147,2024-01-18
new york,9367,2024-01-18
oakland,10534,2024-01-18
oklahoma city,11854,2024-01-18
philadelphia,10954,2024-01-18
phoenix,10534,2024-01-18
portland,10314,2024-01-18
sacramento,8455,2024-01-18
san antonio,11207,2024-01-18
san diego,11947,2024-01-18
san francisco,11420,2024-01-18
san jose,10288,2024-01-18
seattle,8548,2024-01-18
tucson,10137,2024-01-18
washington,10536,2024-01-18
albuquerque,10086,2024-01-19
atlanta,9330,2024-01-19
austin,10711,2024-01-19
baltimore,11015,2024-01-19
boston,13214,2024-01-19
charlotte,9491,2024-01-19
chicago,11902,2024-01-19
columbus,10837,2024-01-19
dallas,10207,2024-01-19
denver,10208,2024-01-19
detroit,8549,2024-01-19
el paso,12303,2024-01-19
fort worth,13581,2024-01-19
fresno,8069,2024-01-19
houston,12197,2024-01-19
indianapolis,7742,2024-01-19
jacksonville,9472,2024-01-19
kansas city,12459,2024-01-19
las vegas,12913,2024-01-19
los angeles,8448,2024-01-19
louisville,11150,2024-01-19
memphis,11334,2024-01-19
mesa,9597,2024-01-19
miami,11639,2024-01-19
milwaukee,9720,2024-01-19
nashville,11056,2024-01-19
new york,10695,2024-01-19
oakland,11116,2024-01-19
oklahoma city,11474,2024-01-19
philadelphia,12145,2024-01-19
phoenix,10438,2024-01-19
portland,9621,2024-01-19
sacramento,8457,2024-01-19
san antonio,10748,2024-01-19
san diego,11608,2024-01-19
san francisco,10256,2024-01-19
san jose,10453,2024-01-19
seattle,8700,2024-01-19
tucson,11271,2024-01-19
washington,9339,2024-01-19
albuquerque,13046,2024-01-20
atlanta,11112,2024-01-20
austin,12741,2024-01-20
baltimore,10456,2024-01-20
boston,13423,2024-01-20
charlotte,9709,2024-01-20
chicago,13201,2024-01-20
columbus,10198,2024-01-20
dallas,12127,2024-01-20
denver,10831,2024-01-20
detroit,10645,2024-01-20
el paso,13370,2024-01-20
fort worth,12035,2024-01-20
fresno,11830,2024-01-20
houston,10708,2024-01-20
indianapolis,10129,2024-01-20
jacksonville,11936,2024-01-20
kansas city,11612,2024-01-20
las vegas,12392,2024-01-20
los angeles,10372,2024-01-20
louisville,10228,2024-01-20
memphis,7504,2024-01-20
mesa,10930,2024-01-20
miami,8739,2024-01-20
milwaukee,9695,2024-01-20
nashville,8422,2024-01-20
new york,11884,2024-01-20
oakland,10479,2024-01-20
oklahoma city,11297,2024-01-20
philadelphia,10222,2024-01-20
phoenix,10991,2024-01-20
portland,12079,2024-01-20
sacramento,7706,2024-01-20
san antonio,8680,2024-01-20
san diego,11734,2024-01-20
san francisco,9537,2024-01-20
san jose,8585,2024-01-20
seattle,10054,2024-01-20
tucson,12670,2024-01-20
washington,9077,2024-01-20
albuquerque,12021,2024-01-21
atlanta,11050,2024-01-21
austin,13057,2024-01-21
baltimore,9443,2024-01-21
boston,13872,2024-01-21
charlotte,8690,2024-01-21
chicago,10009,2024-01-21
columbus,13537,2024-01-21
dallas,10827,2024-01-21
denver,8645,2024-01-21
detroit,9063,2024-01-21
el paso,10790,2024-01-21
fort worth,13883,2024-01-21
fresno,9464,2024-01-21
houston,10399,2024-01-21
indianapolis,9625,2024-01-21
jacksonville,11419,2024-01-21
kansas city,11875,2024-01-21
las vegas,11476,2024-01-21
los angeles,7230,2024-01-21
louisville,13870,2024-01-21
memphis,9247,2024-01-21
mesa,7965,2024-01-21
miami,10054,2024-01-21
milwaukee,10212,2024-01-21
nashville,11336,2024-01-21
new york,8879,2024-01-21
oakland,8796,2024-01-21
oklahoma city,11560,2024-01-21
philadelphia,10664,2024-01-21
phoenix,10826,2024-01-21
portland,12789,2024-01-21
sacramento,10486,2024-01-21
san antonio,11272,2024-01-21
san diego,12405,2024-01-21
san francisco,11700,2024-01-21
san jose,10355,2024-01-21
seattle,11117,2024-01-21
tucson,11785,2024-01-21
washington,8448,2024-01-21
albuquerque,12475,2024-01-22
atlanta,10369,2024-01-22
austin,11022,2024-01-22
baltimore,8562,2024-01-22
boston,12956,2024-01-22
charlotte,8733,2024-01-22
chicago,12482,2024-01-22
columbus,10561,2024-01-22
dallas,12263,2024-01-22
denver,11805,2024-01-22
detroit,11059,2024-01-22
el paso,10214,2024-01-22
fort worth,12748,2024-01-22
fresno,11443,2024-01-22
houston,10996,2024-01-22
indianapolis,8858,2024-01-22
jacksonville,9862,2024-01-22
kansas city,12270,2024-01-22
las vegas,12937,2024-01-22
los angeles,10217,2024-01-22
louisville,10736,2024-01-22
memphis,9013,2024-01-22
mesa,9284,2024-01-22
miami,11274,2024-01-22
milwaukee,10617,2024-01-22
nashville,10075,2024-01-22
new york,11975,2024-01-22
oakland,8983,2024-01-22
oklahoma city,11429,2024-01-22
philadelphia,12216,2024-01-22
phoenix,12943,2024-01-22
portland,12906,2024-01-22
sacramento,8186,2024-01-22
san antonio,10462,2024-01-22
san diego,11309,2024-01-22
san francisco,8465,2024-01-22
san jose,9878,2024-01-22
seattle,11778,2024-01-22
tucson,9860,2024-01-22
washington,9331,2024-01-22
albuquerque,10092,2024-01-23
atlanta,10901,2024-01-23
austin,10613,2024-01-23
baltimore,9866,2024-01-23
boston,12482,2024-01-23
charlotte,12380,2024-01-23
chicago,11666,2024-01-23
columbus,13126,2024-01-23
dallas,12282,2024-01-23
denver,9201,2024-01-23
detroit,11071,2024-01-23
el paso,9560,2024-01-23
fort worth,11712,2024-01-23
fresno,8743,2024-01-23
houston,12829,2024-01-23
indianapolis,11638,2024-01-23
jacksonville,9448,2024-01-23
kansas city,9455,2024-01-23
las vegas,11916,2024-01-23
los angeles,7654,2024-01-23
louisville,12962,2024-01-23
memphis,9181,2024-01-23
mesa,8528,2024-01-23
miami,10487,2024-01-23
milwaukee,11376,2024-01-23
nashville,9390,2024-01-23
new york,8943,2024-01-23
oakland,9009,2024-01-23
oklahoma city,11457,2024-01-23
philadelphia,12526,2024-01-23
phoenix,12353,2024-01-23
portland,13019,2024-01-23
sacramento,10055,2024-01-23
san antonio,11428,2024-01-23
san diego,10030,2024-01-23
san francisco,10146,2024-01-23
san jose,11317,2024-01-23
seattle,8317,2024-01-23
tucson,10936,2024-01-23
washington,9036,2024-01-23
albuquerque,13450,2024-01-24
atlanta,11007,2024-01-24
austin,13624,2024-01-24
baltimore,12118,2024-01-24
boston,11243,2024-01-24
charlotte,9867,2024-01-24
chicago,11315,2024-01-24
columbus,10413,2024-01-24
dallas,11889,2024-01-24
denver,10736,2024-01-24
detroit,7922,2024-01-24
el paso,12762,2024-01-24
fort worth,10612,2024-01-24
fresno,11622,2024-01-24
houston,12201,2024-01-24
indianapolis,8613,2024-01-24
jacksonville,10422,2024-01-24
kansas city,11333,2024-01-24
las vegas,10505,2024-01-24
los angeles,9775,2024-01-24
louisville,12640,2024-01-24
memphis,9629,2024-01-24
mesa,9274,2024-01-24
miami,9313,2024-01-24
milwaukee,12655,2024-01-24
nashville,11472,2024-01-24
new york,11607,2024-01-24
oakland,8934,2024-01-24
oklahoma city,8741,2024-01-24
philadelphia,10844,2024-01-24
phoenix,12734,2024-01-24
portland,10157,2024-01-24
sacramento,9850,2024-01-24
san antonio,10998,2024-01-24
san diego,10292,2024-01-24
san francisco,8707,2024-01-24
san jose,7986,2024-01-24
seattle,8383,2024-01-24
tucson,12120,2024-01-24
washington,8280,2024-01-24
albuquerque,12197,2024-01-25
atlanta,11531,2024-01-25
austin,11564,2024-01-25
baltimore,10789,2024-01-25
boston,12282,2024-01-25
charlotte,9885,2024-01-25
chicago,12587,2024-01-25
columbus,10211,2024-01-25
dallas,11516,2024-01-25
denver,12024,2024-01-25
detroit,11117,2024-01-25
el paso,11996,2024-01-25
fort worth,13699,2024-01-25
fresno,10531,2024-01-25
houston,11100,2024-01-25
indianapolis,8522,2024-01-25
jacksonville,10082,2024-01-25
kansas city,9742,2024-01-25
las vegas,10097,2024-01-25
los angeles,9022,2024-01-25
louisville,12854,2024-01-25
memphis,11273,2024-01-25
mesa,11679,2024-01-25
miami,9085,2024-01-25
milwaukee,10090,2024-01-25
nashville,7898,2024-01-25
new york,8906,2024-01-25
oakland,10573,2024-01-25
oklahoma city,10989,2024-01-25
philadelphia,10447,2024-01-25
phoenix,12580,2024-01-25
portland,10582,2024-01-25
sacramento,10801,2024-01-25
san antonio,9245,2024-01-25
san diego,13381,2024-01-25
san francisco,11454,2024-01-25
san jose,9132,2024-01-25
seattle,8780,2024-01-25
tucson,9979,2024-01-25
washington,11342,2024-01-25
albuquerque,11040,2024-01-26
atlanta,9539,2024-01-26
austin,11762,2024-01-26
baltimore,9301,2024-01-26
boston,12233,2024-01-26
charlotte,9772,2024-01-26
chicago,11090,2024-01-26
columbus,9947,2024-01-26
dallas,12988,2024-01-26
denver,8841,2024-01-26
detroit,10352,2024-01-26
el paso,12510,2024-01-26
fort worth,10468,2024-01-26
fresno,10310,2024-01-26
houston,10755,2024-01-26
indianapolis,9801,2024-01-26
jacksonville,11955,2024-01-26
kansas city,9091,2024-01-26
las vegas,11107,2024-01-26
los angeles,8995,2024-01-26
louisville,13728,2024-01-26
memphis,9427,2024-01-26
mesa,11763,2024-01-26
miami,9395,2024-01-26
milwaukee,13215,2024-01-26
nashville,11615,2024-01-26
new york,11566,2024-01-26
oakland,9709,2024-01-26
oklahoma city,10107,2024-01-26
philadelphia,13138,2024-01-26
phoenix,11908,2024-01-26
portland,11078,2024-01-26
sacramento,9377,2024-01-26
san antonio,11951,2024-01-26
san diego,12814,2024-01-26
san francisco,9009,2024-01-26
san jose,8415,2024-01-26
seattle,8286,2024-01-26
tucson,13570,2024-01-26
washington,8134,2024-01-26
albuquerque,12743,2024-01-27
atlanta,12488,2024-01-27
austin,12550,2024-01-27
baltimore,9232,2024-01-27
boston,13736,2024-01-27
charlotte,12320,2024-01-27
chicago,10479,2024-01-27
columbus,10905,2024-01-27
dallas,11011,2024-01-27
denver,10212,2024-01-27
detroit,7848,2024-01-27
el paso,11155,2024-01-27
fort worth,10580,2024-01-27
fresno,10763,2024-01-27
houston,10643,2024-01-27
indianapolis,9092,2024-01-27
jacksonville,10931,2024-01-27
kansas city,10579,2024-01-27
las vegas,10156,2024-01-27
los angeles,10808,2024-01-27
louisville,13899,2024-01-27
memphis,9895,2024-01-27
mesa,11094,2024-01-27
miami,10253,2024-01-27
milwaukee,10210,2024-01-27
nashville,9843,2024-01-27
new york,11676,2024-01-27
oakland,10807,2024-01-27
oklahoma city,8530,2024-01-27
philadelphia,12008,2024-01-27
phoenix,12685,2024-01-27
portland,10871,2024-01-27
sacramento,9709,2024-01-27
san antonio,9152,2024-01-27
san diego,12522,2024-01-27
san francisco,9489,2024-01-27
san jose,10878,2024-01-27
seattle,10010,2024-01-27
tucson,11432,2024-01-27
washington,9360,2024-01-27
albuquerque,12126,2024-01-28
atlanta,10090,2024-01-28
austin,11212,2024-01-28
baltimore,11195,2024-01-28
boston,13251,2024-01-28
charlotte,11769,2024-01-28
chicago,10213,2024-01-28
columbus,12718,2024-01-28
dallas,12353,2024-01-28
denver,11145,2024-01-28
detroit,9958,2024-01-28
el paso,12997,2024-01-28
fort worth,13908,2024-01-28
fresno,11714,2024-01-28
houston,10460,2024-01-28
indianapolis,10337,2024-01-28
jacksonville,8643,2024-01-28
kansas city,9748,2024-01-28
las vegas,10940,2024-01-28
los angeles,8987,2024-01-28
louisville,11402,2024-01-28
memphis,8747,2024-01-28
mesa,8795,2024-01-28
miami,9943,2024-01-28
milwaukee,13024,2024-01-28
nashville,8798,2024-01-28
new york,10997,2024-01-28
oakland,10647,2024-01-28
oklahoma city,12060,2024-01-28
philadelphia,13369,2024-01-28
phoenix,11541,2024-01-28
portland,11029,2024-01-28
sacramento,8397,2024-01-28
san antonio,9651,2024-01-28
san diego,10676,2024-01-28
san francisco,8607,2024-01-28
san jose,10307,2024-01-28
seattle,9116,2024-01-28
tucson,11385,2024-01-28
washington,11990,2024-01-28
albuquerque,13470,2024-01-29
atlanta,9456,2024-01-29
austin,12888,2024-01-29
baltimore,12072,2024-01-29
boston,11017,2024-01-29
charlotte,10514,2024-01-29
chicago,10336,2024-01-29
columbus,9782,2024-01-29
dallas,11807,2024-01-29
denver,10705,2024-01-29
detroit,8434,2024-01-29
el paso,11301,2024-01-29
fort worth,10982,2024-01-29
fresno,8386,2024-01-29
houston,9082,2024-01-29
indianapolis,8371,2024-01-29
jacksonville,11329,2024-01-29
kansas city,11136,2024-01-29
las vegas,11014,2024-01-29
los angeles,8050,2024-01-29
louisville,10882,2024-01-29
memphis,7623,2024-01-29
mesa,8130,2024-01-29
miami,11667,2024-01-29
milwaukee,10383,2024-01-29
nashville,8966,2024-01-29
new york,8781,2024-01-29
oakland,10324,2024-01-29
oklahoma city,11822,2024-01-29
philadelphia,12671,2024-01-29
phoenix,10208,2024-01-29
portland,10208,2024-01-29
sacramento,7762,2024-01-29
san antonio,10790,2024-01-29
san diego,13270,2024-01-29
san francisco,8072,2024-01-29
san jose,11260,2024-01-29
seattle,11145,2024-01-29
tucson,13577,2024-01-29
washington,8684,2024-01-29
albuquerque,10663,2024-01-30
atlanta,12159,2024-01-30
austin,10156,2024-01-30
baltimore,10072,2024-01-30
boston,10407,2024-01-30
charlotte,8775,2024-01-30
chicago,10870,2024-01-30
columbus,9875,2024-01-30
dallas,13108,2024-01-30
denver,11554,2024-01-30
detroit,9244,2024-01-30
el paso,10030,2024-01-30
fort worth,10587,2024-01-30
fresno,9660,2024-01-30
houston,11140,2024-01-30
indianapolis,11282,2024-01-30
jacksonville,10021,2024-01-30
kansas city,9511,2024-01-30
las vegas,13219,2024-01-30
los angeles,10527,2024-01-30
louisville,13231,2024-01-30
memphis,10163,2024-01-30
mesa,9806,2024-01-30
miami,7956,2024-01-30
milwaukee,10454,2024-01-30
nashville,11247,2024-01-30
new york,12237,2024-01-30
oakland,9000,2024-01-30
oklahoma city,12096,2024-01-30
philadelphia,10897,2024-01-30
phoenix,9491,2024-01-30
portland,9350,2024-01-30
sacramento,10350,2024-01-30
san antonio,11992,2024-01-30
san diego,10806,2024-01-30
san francisco,10864,2024-01-30
san jose,11048,2024-01-30
seattle,8293,2024-01-30
tucson,11388,2024-01-30
washington,8500,2024-01-30
albuquerque,13065,2024-01-31
atlanta,11694,2024-01-31
austin,10852,2024-01-31
baltimore,8557,2024-01-31
boston,12511,2024-01-31
charlotte,11950,2024-01-31
chicago,9883,2024-01-31
columbus,10413,2024-01-31
dallas,12442,2024-01-31
denver,10600,2024-01-31
detroit,9683,2024-01-31
el paso,11430,2024-01-31
fort worth,13028,2024-01-31
fresno,10386,2024-01-31
houston,10130,2024-01-31
indianapolis,11018,2024-01-31
jacksonville,8227,2024-01-31
kansas city,9258,2024-01-31
las vegas,12470,2024-01-31
los angeles,8064,2024-01-31
louisville,11912,2024-01-31
memphis,7945,2024-01-31
mesa,11676,2024-01-31
miami,10379,2024-01-31
milwaukee,12068,2024-01-31
nashville,8532,2024-01-31
new york,9417,2024-01-31
oakland,8806,2024-01-31
oklahoma city,9714,2024-01-31
philadelphia,9999,2024-01-31
phoenix,10049,2024-01-31
portland,11790,2024-01-31
sacramento,7839,2024-01-31
san antonio,9240,2024-01-31
san diego,10511,2024-01-31
san francisco,10404,2024-01-31
san jose,8498,2024-01-31
seattle,8536,2024-01-31
tucson,9907,2024-01-31
washington,10532,2024-01-31
albuquerque,10220,2024-02-01
atlanta,12338,2024-02-01
austin,12063,2024-02-01
baltimore,10460,2024-02-01
boston,13603,2024-02-01
charlotte,12029,2024-02-01
chicago,12686,2024-02-01
columbus,10958,2024-02-01
dallas,13021,2024-02-01
denver,9779,2024-02-01
detroit,8273,2024-02-01
el paso,13325,2024-02-01
fort worth,10359,2024-02-01
fresno,8905,2024-02-01
houston,10690,2024-02-01
indianapolis,8081,2024-02-01
jacksonville,8310,2024-02-01
kansas city,12295,2024-02-01
las vegas,10934,2024-02-01
los angeles,9603,2024-02-01
louisville,10868,2024-02-01
memphis,7771,2024-02-01
mesa,8171,2024-02-01
miami,11363,2024-02-01
milwaukee,9460,2024-02-01
nashville,10393,2024-02-01
new york,9100,2024-02-01
oakland,10952,2024-02-01
oklahoma city,9490,2024-02-01
philadelphia,13551,2024-02-01
phoenix,10101,2024-02-01
portland,10812,2024-02-01
sacramento,8125,2024-02-01
san antonio,9599,2024-02-01
san diego,12237,2024-02-01
san francisco,9657,2024-02-01
san jose,9006,2024-02-01
seattle,10081,2024-02-01
tucson,12243,2024-02-01
washington,10517,2024-02-01
albuquerque,11902,2024-02-02
atlanta,10242,2024-02-02
austin,10921,2024-02-02
baltimore,11441,2024-02-02
boston,11726,2024-02-02
charlotte,11031,2024-02-02
chicago,9593,2024-02-02
columbus,9949,2024-02-02
dallas,13763,2024-02-02
denver,10541,2024-02-02
detroit,8080,2024-02-02
el paso,9764,2024-02-02
fort worth,11895,2024-02-02
fresno,8576,2024-02-02
houston,9758,2024-02-02
indianapolis,10183,2024-02-02
jacksonville,9088,2024-02-02
kansas city,11706,2024-02-02
las vegas,10599,2024-02-02
los angeles,8586,2024-02-02
louisville,10549,2024-02-02
memphis,8435,2024-02-02
mesa,7965,2024-02-02
miami,10511,2024-02-02
milwaukee,10970,2024-02-02
nashville,11022,2024-02-02
new york,9920,2024-02-02
oakland,10757,2024-02-02
oklahoma city,9513,2024-02-02
philadelphia,12789,2024-02-02
phoenix,12467,2024-02-02
portland,13140,2024-02-02
sacramento,10583,2024-02-02
san antonio,8526,2024-02-02
san diego,13647,2024-02-02
san francisco,10197,2024-02-02
san jose,10979,2024-02-02
seattle,10133,2024-02-02
tucson,10159,2024-02-02
washington,9356,2024-02-02
albuquerque,13184,2024-02-03
atlanta,10582,2024-02-03
austin,11145,2024-02-03
baltimore,11597,2024-02-03
boston,10054,2024-02-03
charlotte,8795,2024-02-03
chicago,10110,2024-02-03
columbus,10527,2024-02-03
dallas,12893,2024-02-03
denver,11982,2024-02-03
detroit,9422,2024-02-03
el paso,12442,2024-02-03
fort worth,11993,2024-02-03
fresno,8562,2024-02-03
houston,11135,2024-02-03
indianapolis,10650,2024-02-03
jacksonville,10036,2024-02-03
kansas city,11639,2024-02-03
las vegas,11623,2024-02-03
los angeles,8017,2024-02-03
louisville,11315,2024-02-03
memphis,10915,2024-02-03
mesa,10595,2024-02-03
miami,9842,2024-02-03
milwaukee,12382,2024-02-03
nashville,8038,2024-02-03
new york,12196,2024-02-03
oakland,10955,2024-02-03
oklahoma city,10672,2024-02-03
philadelphia,13438,2024-02-03
phoenix,12707,2024-02-03
portland,9541,2024-02-03
sacramento,11504,2024-02-03
san antonio,10053,2024-02-03
san diego,10050,2024-02-03
san francisco,9913,2024-02-03
san jose,9386,2024-02-03
seattle,8010,2024-02-03
tucson,13598,2024-02-03
washington,8617,2024-02-03
albuquerque,10704,2024-02-04
atlanta,11896,2024-02-04
austin,12738,2024-02-04
baltimore,10989,2024-02-04
boston,13538,2024-02-04
charlotte,8923,2024-02-04
chicago,10764,2024-02-04
columbus,11737,2024-02-04
dallas,12230,2024-02-04
denver,10654,2024-02-04
detroit,10909,2024-02-04
el paso,11103,2024-02-04
fort worth,12402,2024-02-04
fresno,8450,2024-02-04
houston,10187,2024-02-04
indianapolis,11113,2024-02-04
jacksonville,10105,2024-02-04
kansas city,10542,2024-02-04
las vegas,9946,2024-02-04
los angeles,10000,2024-02-04
louisville,12359,2024-02-04
memphis,8501,2024-02-04
mesa,9782,2024-02-04
miami,7757,2024-02-04
milwaukee,9657,2024-02-04
nashville,9339,2024-02-04
new york,11742,2024-02-04
oakland,9583,2024-02-04
oklahoma city,9366,2024-02-04
philadelphia,11554,2024-02-04
phoenix,12509,2024-02-04
portland,9522,2024-02-04
sacramento,10538,2024-02-04
san antonio,8534,2024-02-04
san diego,11026,2024-02-04
san francisco,8056,2024-02-04
san jose,7994,2024-02-04
seattle,8682,2024-02-04
tucson,11138,2024-02-04
washington,8618,2024-02-04
albuquerque,10341,2024-02-05
atlanta,9721,2024-02-05
austin,12730,2024-02-05
baltimore,8439,2024-02-05
boston,13671,2024-02-05
charlotte,12266,2024-02-05
chicago,11758,2024-02-05
columbus,11838,2024-02-05
dallas,11118,2024-02-05
denver,9150,2024-02-05
detroit,10783,2024-02-05
el paso,12242,2024-02-05
fort worth,12684,2024-02-05
fresno,9589,2024-02-05
houston,10395,2024-02-05
indianapolis,10776,2024-02-05
jacksonville,11979,2024-02-05
kansas city,10188,2024-02-05
las vegas,13324,2024-02-05
los angeles,9918,2024-02-05
louisville,12401,2024-02-05
memphis,8200,2024-02-05
mesa,8978,2024-02-05
miami,8422,2024-02-05
milwaukee,11669,2024-02-05
nashville,10038,2024-02-05
new york,11199,2024-02-05
oakland,9314,2024-02-05
oklahoma city,8889,2024-02-05
philadelphia,12011,2024-02-05
phoenix,11652,2024-02-05
portland,10821,2024-02-05
sacramento,10006,2024-02-05
san antonio,11267,2024-02-05
san diego,10147,2024-02-05
san francisco,10596,2024-02-05
san jose,8594,2024-02-05
seattle,10748,2024-02-05
tucson,11828,2024-02-05
washington,10096,2024-02-05
albuquerque,9966,2024-02-06
atlanta,11156,2024-02-06
austin,11500,2024-02-06
baltimore,9866,2024-02-06
boston,10045,2024-02-06
charlotte,9995,2024-02-06
chicago,11843,2024-02-06
columbus,13455,2024-02-06
dallas,10498,2024-02-06
denver,12115,2024-02-06
detroit,10854,2024-02-06
el paso,10465,2024-02-06
fort worth,13724,2024-02-06
fresno,10427,2024-02-06
houston,11449,2024-02-06
indianapolis,11489,2024-02-06
jacksonville,9903,2024-02-06
kansas city,11031,2024-02-06
las vegas,11488,2024-02-06
los angeles,7517,2024-02-06
louisville,10036,2024-02-06
memphis,10645,2024-02-06
mesa,7857,2024-02-06
miami,11338,2024-02-06
milwaukee,10363,2024-02-06
nashville,9326,2024-02-06
new york,8468,2024-02-06
oakland,11432,2024-02-06
oklahoma city,9436,2024-02-06
philadelphia,10909,2024-02-06
phoenix,12092,2024-02-06
portland,12127,2024-02-06
sacramento,7856,2024-02-06
san antonio,8830,2024-02-06
san diego,12886,2024-02-06
san francisco,9495,2024-02-06
san jose,11100,2024-02-06
seattle,8041,2024-02-06
tucson,10111,2024-02-06
washington,8799,2024-02-06
albuquerque,12579,2024-02-07
atlanta,10012,2024-02-07
austin,11064,2024-02-07
baltimore,9743,2024-02-07
boston,10440,2024-02-07
charlotte,9218,2024-02-07
chicago,9504,2024-02-07
columbus,10161,2024-02-07
dallas,13578,2024-02-07
denver,11828,2024-02-07
detroit,8214,2024-02-07
el paso,12802,2024-02-07
fort worth,13820,2024-02-07
fresno,8746,2024-02-07
houston,9709,2024-02-07
indianapolis,7955,2024-02-07
jacksonville,9318,2024-02-07
kansas city,9077,2024-02-07
las vegas,10956,2024-02-07
los angeles,11064,2024-02-07
louisville,13057,2024-02-07
memphis,10113,2024-02-07
mesa,10467,2024-02-07
miami,10159,2024-02-07
milwaukee,12545,2024-02-07
nashville,9339,2024-02-07
new york,10442,2024-02-07
oakland,10274,2024-02-07
oklahoma city,11775,2024-02-07
philadelphia,11405,2024-02-07
phoenix,10703,2024-02-07
portland,11089,2024-02-07
sacramento,10356,2024-02-07
san antonio,11831,2024-02-07
san diego,11228,2024-02-07
san francisco,11106,2024-02-07
san jose,11255,2024-02-07
seattle,8448,2024-02-07
tucson,11645,2024-02-07
washington,8462,2024-02-07
albuquerque,12893,2024-02-08
atlanta,12317,2024-02-08
austin,12175,2024-02-08
baltimore,10981,2024-02-08
boston,12261,2024-02-08
charlotte,11306,2024-02-08
chicago,10638,2024-02-08
columbus,9935,2024-02-08
dallas,12271,2024-02-08
denver,11482,2024-02-08
detroit,10362,2024-02-08
el paso,10511,2024-02-08
fort worth,12034,2024-02-08
fresno,8265,2024-02-08
houston,11379,2024-02-08
indianapolis,10656,2024-02-08
jacksonville,10639,2024-02-08
kansas city,10411,2024-02-08
las vegas,12581,2024-02-08
los angeles,10680,2024-02-08
louisville,10735,2024-02-08
memphis,9651,2024-02-08
mesa,9135,2024-02-08
miami,9923,2024-02-08
milwaukee,11571,2024-02-08
nashville,9195,2024-02-08
new york,9739,2024-02-08
oakland,8812,2024-02-08
oklahoma city,11313,2024-02-08
philadelphia,11636,2024-02-08
phoenix,11947,2024-02-08
portland,12098,2024-02-08
sacramento,9354,2024-02-08
san antonio,9491,2024-02-08
san diego,12586,2024-02-08
san francisco,10087,2024-02-08
san jose,10837,2024-02-08
seattle,8738,2024-02-08
tucson,13132,2024-02-08
washington,8736,2024-02-08
albuquerque,12094,2024-02-09
atlanta,10404,2024-02-09
austin,13134,2024-02-09
baltimore,8669,2024-02-09
boston,10196,2024-02-09
charlotte,12152,2024-02-09
chicago,11677,2024-02-09
columbus,13545,2024-02-09
dallas,10891,2024-02-09
denver,8892,2024-02-09
detroit,8722,2024-02-09
el paso,9598,2024-02-09
fort worth,12091,2024-02-09
fresno,9246,2024-02-09
houston,12254,2024-02-09
indianapolis,9374,2024-02-09
jacksonville,10049,2024-02-09
kansas city,12527,2024-02-09
las vegas,13019,2024-02-09
los angeles,8487,2024-02-09
louisville,11908,2024-02-09
memphis,9657,2024-02-09
mesa,9809,2024-02-09
miami,9291,2024-02-09
milwaukee,11985,2024-02-09
nashville,7970,2024-02-09
new york,10973,2024-02-09
oakland,10715,2024-02-09
oklahoma city,9621,2024-02-09
philadelphia,12929,2024-02-09
phoenix,10293,2024-02-09
portland,9494,2024-02-09
sacramento,8899,2024-02-09
san antonio,9898,2024-02-09
san diego,12180,2024-02-09
san francisco,10269,2024-02-09
san jose,8610,2024-02-09
seattle,11644,2024-02-09
tucson,10983,2024-02-09
washington,8197,2024-02-09
albuquerque,12898,2024-02-10
atlanta,9574,2024-02-10
austin,11698,2024-02-10
baltimore,11449,2024-02-10
boston,13545,2024-02-10
charlotte,11456,2024-02-10
chicago,11975,2024-02-10
columbus,13528,2024-02-10
dallas,12456,2024-02-10
denver,10916,2024-02-10
detroit,10812,2024-02-10
el paso,12275,2024-02-10
fort worth,12185,2024-02-10
fresno,10092,2024-02-10
houston,11829,2024-02-10
indianapolis,7882,2024-02-10
jacksonville,8508,2024-02-10
kansas city,11530,2024-02-10
las vegas,10050,2024-02-10
los angeles,8917,2024-02-10
louisville,11413,2024-02-10
memphis,8279,2024-02-10
mesa,9999,2024-02-10
miami,11577,2024-02-10
milwaukee,9969,2024-02-10
nashville,8497,2024-02-10
new york,11702,2024-02-10
oakland,10031,2024-02-10
oklahoma city,10111,2024-02-10
philadelphia,13674,2024-02-10
phoenix,9895,2024-02-10
portland,13129,2024-02-10
sacramento,7892,2024-02-10
san antonio,11811,2024-02-10
san diego,9899,2024-02-10
san francisco,9774,2024-02-10
san jose,7990,2024-02-10
seattle,11607,2024-02-10
tucson,10732,2024-02-10
washington,11749,2024-02-10
albuquerque,10641,2024-02-11
atlanta,8774,2024-02-11
austin,13071,2024-02-11
baltimore,11209,2024-02-11
boston,12774,2024-02-11
charlotte,9894,2024-02-11
chicago,10086,2024-02-11
columbus,12883,2024-02-11
dallas,11111,2024-02-11
denver,11929,2024-02-11
detroit,10881,2024-02-11
el paso,13044,2024-02-11
fort worth,13343,2024-02-11
fresno,11132,2024-02-11
houston,9681,2024-02-11
indianapolis,8273,2024-02-11
jacksonville,8526,2024-02-11
kansas city,12745,2024-02-11
las vegas,12883,2024-02-11
los angeles,7611,2024-02-11
louisville,10654,2024-02-11
memphis,8099,2024-02-11
mesa,11442,2024-02-11
miami,9195,2024-02-11
milwaukee,12388,2024-02-11
nashville,11630,2024-02-11
new york,8669,2024-02-11
oakland,11326,2024-02-11
oklahoma city,9226,2024-02-11
philadelphia,11618,2024-02-11
phoenix,10919,2024-02-11
portland,9922,2024-02-11
sacramento,10004,2024-02-11
san antonio,9987,2024-02-11
san diego,11587,2024-02-11
san francisco,8480,2024-02-11
san jose,8807,2024-02-11
seattle,11627,2024-02-11
tucson,12925,2024-02-11
washington,9086,2024-02-11
albuquerque,11683,2024-02-12
atlanta,11109,2024-02-12
austin,13141,2024-02-12
baltimore,11558,2024-02-12
boston,13732,2024-02-12
charlotte,12396,2024-02-12
chicago,9700,2024-02-12
columbus,10274,2024-02-12
dallas,10820,2024-02-12
denver,8911,2024-02-12
detroit,8718,2024-02-12
el paso,10570,2024-02-12
fort worth,10194,2024-02-12
fresno,8302,2024-02-12
houston,11427,2024-02-12
indianapolis,11276,2024-02-12
jacksonville,8992,2024-02-12
kansas city,9867,2024-02-12
las vegas,12585,2024-02-12
los angeles,8009,2024-02-12
louisville,10622,2024-02-12
memphis,9245,2024-02-12
mesa,9533,2024-02-12
miami,11513,2024-02-12
milwaukee,10900,2024-02-12
nashville,11744,2024-02-12
new york,8527,2024-02-12
oakland,9010,2024-02-12
oklahoma city,8245,2024-02-12
philadelphia,11219,2024-02-12
phoenix,9354,2024-02-12
portland,11626,2024-02-12
sacramento,10050,2024-02-12
san antonio,9277,2024-02-12
san diego,12885,2024-02-12
san francisco,10307,2024-02-12
san jose,7912,2024-02-12
seattle,11574,2024-02-12
tucson,10750,2024-02-12
washington,10485,2024-02-12
albuquerque,11289,2024-02-13
atlanta,10564,2024-02-13
austin,12902,2024-02-13
baltimore,10282,2024-02-13
boston,12576,2024-02-13
charlotte,9815,2024-02-13
chicago,10587,2024-02-13
columbus,12961,2024-02-13
dallas,12553,2024-02-13
denver,11392,2024-02-13
detroit,7816,2024-02-13
el paso,13138,2024-02-13
fort worth,10249,2024-02-13
fresno,11257,2024-02-13
houston,10061,2024-02-13
indianapolis,7841,2024-02-13
jacksonville,9048,2024-02-13
kansas city,12644,2024-02-13
las vegas,12607,2024-02-13
los angeles,8984,2024-02-13
louisville,10610,2024-02-13
memphis,9675,2024-02-13
mesa,9677,2024-02-13
miami,8522,2024-02-13
milwaukee,9813,2024-02-13
nashville,9063,2024-02-13
new york,9448,2024-02-13
oakland,10578,2024-02-13
oklahoma city,9767,2024-02-13
philadelphia,12677,2024-02-13
phoenix,11398,2024-02-13
portland,9397,2024-02-13
sacramento,9693,2024-02-13
san antonio,11012,2024-02-13
san diego,12576,2024-02-13
san francisco,11202,2024-02-13
san jose,11000,2024-02-13
seattle,11292,2024-02-13
tucson,12184,2024-02-13
washington,11929,2024-02-13
albuquerque,10593,2024-02-14
atlanta,9343,2024-02-14
austin,13143,2024-02-14
baltimore,10200,2024-02-14
boston,10928,2024-02-14
charlotte,9320,2024-02-14
chicago,10484,2024-02-14
columbus,12073,2024-02-14
dallas,13753,2024-02-14
denver,8989,2024-02-14
detroit,11280,2024-02-14
el paso,13027,2024-02-14
fort worth,12379,2024-02-14
fresno,8998,2024-02-14
houston,11940,2024-02-14
indianapolis,9563,2024-02-14
jacksonville,8861,2024-02-14
kansas city,11494,2024-02-14
las vegas,12883,2024-02-14
los angeles,10767,2024-02-14
louisville,10423,2024-02-14
memphis,8518,2024-02-14
mesa,9231,2024-02-14
miami,9678,2024-02-14
milwaukee,10728,2024-02-14
nashville,9887,2024-02-14
new york,12087,2024-02-14
oakland,8869,2024-02-14
oklahoma city,9385,2024-02-14
philadelphia,12639,2024-02-14
phoenix,11891,2024-02-14
portland,9570,2024-02-14
sacramento,7915,2024-02-14
san antonio,11258,2024-02-14
san diego,10520,2024-02-14
san francisco,10160,2024-02-14
san jose,7911,2024-02-14
seattle,8940,2024-02-14
tucson,10636,2024-02-14
washington,9214,2024-02-14
albuquerque,10921,2024-02-15
atlanta,12583,2024-02-15
austin,12087,2024-02-15
baltimore,8303,2024-02-15
boston,10260,2024-02-15
charlotte,11316,2024-02-15
chicago,10068,2024-02-15
columbus,11567,2024-02-15
dallas,12522,2024-02-15
denver,11270,2024-02-15
detroit,11017,2024-02-15
el paso,11556,2024-02-15
fort worth,13109,2024-02-15
fresno,8605,2024-02-15
houston,11823,2024-02-15
indianapolis,9274,2024-02-15
jacksonville,8624,2024-02-15
kansas city,11276,2024-02-15
las vegas,12902,2024-02-15
los angeles,9461,2024-02-15
louisville,11731,2024-02-15
memphis,8301,2024-02-15
mesa,10115,2024-02-15
miami,8934,2024-02-15
milwaukee,10494,2024-02-15
nashville,11789,2024-02-15
new york,9779,2024-02-15
oakland,8088,2024-02-15
oklahoma city,8592,2024-02-15
philadelphia,12783,2024-02-15
phoenix,10538,2024-02-15
portland,10545,2024-02-15
sacramento,9713,2024-02-15
san antonio,9328,2024-02-15
san diego,11946,2024-02-15
san francisco,9337,2024-02-15
san jose,10532,2024-02-15
seattle,8311,2024-02-15
tucson,11064,2024-02-15
washington,10684,2024-02-15
albuquerque,9998,2024-02-16
atlanta,9320,2024-02-16
austin,12532,2024-02-16
baltimore,8927,2024-02-16
boston,10821,2024-02-16
charlotte,11942,2024-02-16
chicago,12343,2024-02-16
columbus,13022,2024-02-16
dallas,13872,2024-02-16
denver,11795,2024-02-16
detroit,10558,2024-02-16
el paso,11801,2024-02-16
fort worth,13550,2024-02-16
fresno,11678,2024-02-16
houston,9014,2024-02-16
indianapolis,9604,2024-02-16
jacksonville,8903,2024-02-16
kansas city,9154,2024-02-16
las vegas,10706,2024-02-16
los angeles,10398,2024-02-16
louisville,13541,2024-02-16
memphis,10220,2024-02-16
mesa,8005,2024-02-16
miami,10797,2024-02-16
milwaukee,10235,2024-02-16
nashville,11508,2024-02-16
new york,10889,2024-02-16
oakland,8767,2024-02-16
oklahoma city,8730,2024-02-16
philadelphia,12672,2024-02-16
phoenix,9739,2024-02-16
portland,9166,2024-02-16
sacramento,8813,2024-02-16
san antonio,11536,2024-02-16
san diego,12052,2024-02-16
san francisco,8751,2024-02-16
san jose,9668,2024-02-16
seattle,11282,2024-02-16
tucson,10948,2024-02-16
washington,8674,2024-02-16
albuquerque,10801,2024-02-17
atlanta,9174,2024-02-17
austin,11701,2024-02-17
baltimore,9655,2024-02-17
boston,12092,2024-02-17
charlotte,10987,2024-02-17
chicago,11428,2024-02-17
columbus,9900,2024-02-17
dallas,11971,2024-02-17
denver,10804,2024-02-17
detroit,9729,2024-02-17
el paso,11363,2024-02-17
fort worth,13429,2024-02-17
fresno,7919,2024-02-17
houston,10735,2024-02-17
indianapolis,7771,2024-02-17
jacksonville,8381,2024-02-17
kansas city,12221,2024-02-17
las vegas,10420,2024-02-17
los angeles,9528,2024-02-17
louisville,13083,2024-02-17
memphis,8068,2024-02-17
mesa,9394,2024-02-17
miami,7921,2024-02-17
milwaukee,9700,2024-02-17
nashville,11404,2024-02-17
new york,9408,2024-02-17
oakland,10096,2024-02-17
oklahoma city,8373,2024-02-17
philadelphia,10908,2024-02-17
phoenix,12171,2024-02-17
portland,11850,2024-02-17
sacramento,8268,2024-02-17
san antonio,10240,2024-02-17
san diego,12129,2024-02-17
san francisco,9874,2024-02-17
san jose,8564,2024-02-17
seattle,10165,2024-02-17
tucson,10520,2024-02-17
washington,11128,2024-02-17
albuquerque,11622,2024-02-18
atlanta,11322,2024-02-18
austin,11377,2024-02-18
baltimore,10579,2024-02-18
boston,10759,2024-02-18
charlotte,9817,2024-02-18
chicago,9562,2024-02-18
columbus,10956,2024-02-18
dallas,10163,2024-02-18
denver,10481,2024-02-18
detroit,8142,2024-02-18
el paso,9416,2024-02-18
fort worth,10871,2024-02-18
fresno,8593,2024-02-18
houston,11259,2024-02-18
indianapolis,8046,2024-02-18
jacksonville,10762,2024-02-18
kansas city,10414,2024-02-18
las vegas,10948,2024-02-18
los angeles,10929,2024-02-18
louisville,10225,2024-02-18
memphis,10304,2024-02-18
mesa,10831,2024-02-18
miami,8470,2024-02-18
milwaukee,12981,2024-02-18
nashville,11409,2024-02-18
new york,10231,2024-02-18
oakland,7923,2024-02-18
oklahoma city,12083,2024-02-18
philadelphia,10513,2024-02-18
phoenix,10695,2024-02-18
portland,12368,2024-02-18
sacramento,10578,2024-02-18
san antonio,11327,2024-02-18
san diego,10417,2024-02-18
san francisco,11425,2024-02-18
san jose,11244,2024-02-18
seattle,8350,2024-02-18
tucson,12791,2024-02-18
washington,9290,2024-02-18
albuquerque,12472,2024-02-19
atlanta,9297,2024-02-19
austin,10195,2024-02-19
baltimore,8688,2024-02-19
boston,13378,2024-02-19
charlotte,11314,2024-02-19
chicago,10016,2024-02-19
columbus,13394,2024-02-19
dallas,11142,2024-02-19
denver,8448,2024-02-19
detroit,10718,2024-02-19
el paso,9569,2024-02-19
fort worth,11219,2024-02-19
fresno,9307,2024-02-19
houston,12336,2024-02-19
indianapolis,8083,2024-02-19
jacksonville,9689,2024-02-19
kansas city,11288,2024-02-19
las vegas,11139,2024-02-19
los angeles,8283,2024-02-19
louisville,9976,2024-02-19
memphis,8096,2024-02-19
mesa,9198,2024-02-19
miami,10396,2024-02-19
milwaukee,12696,2024-02-19
nashville,11087,2024-02-19
new york,9606,2024-02-19
oakland,9989,2024-02-19
oklahoma city,9881,2024-02-19
philadelphia,12432,2024-02-19
phoenix,9241,2024-02-19
portland,12629,2024-02-19
sacramento,7690,2024-02-19
san antonio,8906,2024-02-19
san diego,11827,2024-02-19
san francisco,7989,2024-02-19
san jose,9658,2024-02-19
seattle,11146,2024-02-19
tucson,12733,2024-02-19
washington,9512,2024-02-19
albuquerque,12393,2024-02-20
atlanta,10082,2024-02-20
austin,11529,2024-02-20
baltimore,11191,2024-02-20
boston,11460,2024-02-20
charlotte,8810,2024-02-20
chicago,10894,2024-02-20
columbus,13067,2024-02-20
dallas,12717,2024-02-20
denver,10679,2024-02-20
detroit,10897,2024-02-20
el paso,12307,2024-02-20
fort worth,13492,2024-02-20
fresno,7968,2024-02-20
houston,10688,2024-02-20
indianapolis,8786,2024-02-20
jacksonville,9894,2024-02-20
kansas city,9287,2024-02-20
las vegas,13707,2024-02-20
los angeles,7274,2024-02-20
louisville,12353,2024-02-20
memphis,9563,2024-02-20
mesa,8065,2024-02-20
miami,8174,2024-02-20
milwaukee,10442,2024-02-20
nashville,9730,2024-02-20
new york,12294,2024-02-20
oakland,11000,2024-02-20
oklahoma city,11573,2024-02-20
philadelphia,10455,2024-02-20
phoenix,11224,2024-02-20
portland,13037,2024-02-20
sacramento,11625,2024-02-20
san antonio,11556,2024-02-20
san diego,10161,2024-02-20
san francisco,10524,2024-02-20
san jose,8627,2024-02-20
seattle,10501,2024-02-20
tucson,11118,2024-02-20
washington,10625,2024-02-20
albuquerque,13275,2024-02-21
atlanta,10828,2024-02-21
austin,12845,2024-02-21
baltimore,9423,2024-02-21
boston,10132,2024-02-21
charlotte,9385,2024-02-21
chicago,10946,2024-02-21
columbus,12446,2024-02-21
dallas,13400,2024-02-21
denver,11429,2024-02-21
detroit,9471,2024-02-21
el paso,9577,2024-02-21
fort worth,10448,2024-02-21
fresno,8890,2024-02-21
houston,10454,2024-02-21
indianapolis,9611,2024-02-21
jacksonville,10794,2024-02-21
kansas city,10499,2024-02-21
las vegas,11194,2024-02-21
los angeles,7548,2024-02-21
louisville,11976,2024-02-21
memphis,9298,2024-02-21
mesa,11058,2024-02-21
miami,7915,2024-02-21
milwaukee,12684,2024-02-21
nashville,10367,2024-02-21
new york,11723,2024-02-21
oakland,10569,2024-02-21
oklahoma city,11075,2024-02-21
philadelphia,10854,2024-02-21
phoenix,11060,2024-02-21
portland,9561,2024-02-21
sacramento,11627,2024-02-21
san antonio,9493,2024-02-21
san diego,13026,2024-02-21
san francisco,9013,2024-02-21
san jose,10582,2024-02-21
seattle,10383,2024-02-21
tucson,13485,2024-02-21
washington,9117,2024-02-21
albuquerque,13799,2024-02-22
atlanta,10313,2024-02-22
austin,12796,2024-02-22
baltimore,8327,2024-02-22
boston,11079,2024-02-22
charlotte,8573,2024-02-22
chicago,12048,2024-02-22
columbus,11853,2024-02-22
dallas,10052,2024-02-22
denver,9878,2024-02-22
detroit,9811,2024-02-22
el paso,11552,2024-02-22
fort worth,10985,2024-02-22
fresno,9382,2024-02-22
houston,10432,2024-02-22
indianapolis,11632,2024-02-22
jacksonville,8025,2024-02-22
kansas city,9059,2024-02-22
las vegas,10709,2024-02-22
los angeles,8559,2024-02-22
louisville,12018,2024-02-22
memphis,9563,2024-02-22
mesa,8226,2024-02-22
miami,10716,2024-02-22
milwaukee,9846,2024-02-22
nashville,10090,2024-02-22
new york,11993,2024-02-22
oakland,7527,2024-02-22
oklahoma city,12127,2024-02-22
philadelphia,11128,2024-02-22
phoenix,11764,2024-02-22
portland,10341,2024-02-22
sacramento,10930,2024-02-22
san antonio,9373,2024-02-22
san diego,10229,2024-02-22
san francisco,8364,2024-02-22
san jose,10209,2024-02-22
seattle,9852,2024-02-22
tucson,11948,2024-02-22
washington,10450,2024-02-22
albuquerque,10437,2024-02-23
atlanta,10004,2024-02-23
austin,12552,2024-02-23
baltimore,10421,2024-02-23
boston,10918,2024-02-23
charlotte,11257,2024-02-23
chicago,10747,2024-02-23
columbus,12203,2024-02-23
dallas,11385,2024-02-23
denver,11381,2024-02-23
detroit,10835,2024-02-23
el paso,10458,2024-02-23
fort worth,12034,2024-02-23
fresno,9956,2024-02-23
houston,10969,2024-02-23
indianapolis,7770,2024-02-23
jacksonville,8061,2024-02-23
kansas city,10081,2024-02-23
las vegas,11176,2024-02-23
los angeles,9929,2024-02-23
louisville,12504,2024-02-23
memphis,9666,2024-02-23
mesa,9743,2024-02-23
miami,9851,2024-02-23
milwaukee,9929,2024-02-23
nashville,10838,2024-02-23
new york,10007,2024-02-23
oakland,9735,2024-02-23
oklahoma city,10794,2024-02-23
philadelphia,11116,2024-02-23
phoenix,12330,2024-02-23
portland,12064,2024-02-23
sacramento,8401,2024-02-23
san antonio,11511,2024-02-23
san diego,12855,2024-02-23
san francisco,9754,2024-02-23
san jose,8888,2024-02-23
seattle,8162,2024-02-23
tucson,13098,2024-02-23
washington,10072,2024-02-23
albuquerque,13801,2024-02-24
atlanta,9696,2024-02-24
austin,11340,2024-02-24
baltimore,9555,2024-02-24
boston,10125,2024-02-24
charlotte,10613,2024-02-24
chicago,10433,2024-02-24
columbus,12952,2024-02-24
dallas,10990,2024-02-24
denver,10916,2024-02-24
detroit,8596,2024-02-24
el paso,13353,2024-02-24
fort worth,12116,2024-02-24
fresno,9826,2024-02-24
houston,9406,2024-02-24
indianapolis,8728,2024-02-24
jacksonville,11590,2024-02-24
kansas city,11198,2024-02-24
las vegas,11296,2024-02-24
los angeles,9124,2024-02-24
louisville,12500,2024-02-24
memphis,10104,2024-02-24
mesa,9542,2024-02-24
miami,8883,2024-02-24
milwaukee,9602,2024-02-24
nashville,11781,2024-02-24
new york,10759,2024-02-24
oakland,10690,2024-02-24
oklahoma city,11604,2024-02-24
philadelphia,11771,2024-02-24
phoenix,10096,2024-02-24
portland,11275,2024-02-24
sacramento,8744,2024-02-24
san antonio,8468,2024-02-24
san diego,10200,2024-02-24
san francisco,9018,2024-02-24
san jose,11081,2024-02-24
seattle,11118,2024-02-24
tucson,11709,2024-02-24
washington,9345,2024-02-24
albuquerque,12750,2024-02-25
atlanta,10066,2024-02-25
austin,11269,2024-02-25
baltimore,8669,2024-02-25
boston,10155,2024-02-25
charlotte,12447,2024-02-25
chicago,10791,2024-02-25
columbus,11150,2024-02-25
dallas,11045,2024-02-25
denver,8359,2024-02-25
detroit,8989,2024-02-25
el paso,11223,2024-02-25
fort worth,10832,2024-02-25
fresno,8548,2024-02-25
houston,11040,2024-02-25
indianapolis,11085,2024-02-25
jacksonville,9730,2024-02-25
kansas city,9464,2024-02-25
las vegas,12172,2024-02-25
los angeles,7625,2024-02-25
louisville,12187,2024-02-25
memphis,9541,2024-02-25
mesa,8346,2024-02-25
miami,10468,2024-02-25
milwaukee,12755,2024-02-25
nashville,7908,2024-02-25
new york,12128,2024-02-25
oakland,8644,2024-02-25
oklahoma city,8383,2024-02-25
philadelphia,11082,2024-02-25
phoenix,12364,2024-02-25
portland,9402,2024-02-25
sacramento,10049,2024-02-25
san antonio,9956,2024-02-25
san diego,9855,2024-02-25
san francisco,11919,2024-02-25
san jose,11349,2024-02-25
seattle,8004,2024-02-25
tucson,10005,2024-02-25
washington,8423,2024-02-25
albuquerque,10510,2024-02-26
atlanta,12332,2024-02-26
austin,12157,2024-02-26
baltimore,9183,2024-02-26
boston,11661,2024-02-26
charlotte,11738,2024-02-26
chicago,13078,2024-02-26
columbus,9782,2024-02-26
dallas,9978,2024-02-26
denver,9607,2024-02-26
detroit,11197,2024-02-26
el paso,9791,2024-02-26
fort worth,10982,2024-02-26
fresno,8136,2024-02-26
houston,9490,2024-02-26
indianapolis,11122,2024-02-26
jacksonville,10494,2024-02-26
kansas city,10840,2024-02-26
las vegas,10469,2024-02-26
los angeles,9933,2024-02-26
louisville,12818,2024-02-26
memphis,7842,2024-02-26
mesa,8409,2024-02-26
miami,10848,2024-02-26
milwaukee,12992,2024-02-26
nashville,8136,2024-02-26
new york,11673,2024-02-26
oakland,7806,2024-02-26
oklahoma city,12209,2024-02-26
philadelphia,13000,2024-02-26
phoenix,10856,2024-02-26
portland,9566,2024-02-26
sacramento,11218,2024-02-26
san antonio,8433,2024-02-26
san diego,10596,2024-02-26
san francisco,9417,2024-02-26
san jose,10433,2024-02-26
seattle,8540,2024-02-26
tucson,11376,2024-02-26
washington,10398,2024-02-26
albuquerque,10795,2024-02-27
atlanta,10855,2024-02-27
austin,11271,2024-02-27
baltimore,8565,2024-02-27
boston,13884,2024-02-27
charlotte,12287,2024-02-27
chicago,12155,2024-02-27
columbus,9627,2024-02-27
dallas,12634,2024-02-27
denver,9672,2024-02-27
detroit,10788,2024-02-27
el paso,11388,2024-02-27
fort worth,12495,2024-02-27
fresno,10697,2024-02-27
houston,9290,2024-02-27
indianapolis,11074,2024-02-27
jacksonville,8268,2024-02-27
kansas city,12878,2024-02-27
las vegas,12947,2024-02-27
los angeles,10844,2024-02-27
louisville,12240,2024-02-27
memphis,10584,2024-02-27
mesa,11640,2024-02-27
miami,11169,2024-02-27
milwaukee,9374,2024-02-27
nashville,8267,2024-02-27
new york,10775,2024-02-27
oakland,8136,2024-02-27
oklahoma city,11665,2024-02-27
philadelphia,10607,2024-02-27
phoenix,12088,2024-02-27
portland,11341,2024-02-27
sacramento,9322,2024-02-27
san antonio,10375,2024-02-27
san diego,9912,2024-02-27
san francisco,10128,2024-02-27
san jose,9019,2024-02-27
seattle,10897,2024-02-27
tucson,10034,2024-02-27
washington,8857,2024-02-27
albuquerque,10988,2024-02-28
atlanta,12538,2024-02-28
austin,11267,2024-02-28
baltimore,11834,2024-02-28
boston,11948,2024-02-28
charlotte,11198,2024-02-28
chicago,12214,2024-02-28
columbus,11380,2024-02-28
dallas,11065,2024-02-28
denver,11092,2024-02-28
detroit,11103,2024-02-28
el paso,11010,2024-02-28
fort worth,10758,2024-02-28
fresno,10827,2024-02-28
houston,12289,2024-02-28
indianapolis,11581,2024-02-28
jacksonville,10396,2024-02-28
kansas city,10806,2024-02-28
las vegas,10177,2024-02-28
los angeles,10834,2024-02-28
louisville,10973,2024-02-28
memphis,9339,2024-02-28
mesa,11125,2024-02-28
miami,11478,2024-02-28
milwaukee,10873,2024-02-28
nashville,10940,2024-02-28
new york,12367,2024-02-28
oakland,9494,2024-02-28
oklahoma city,10641,2024-02-28
philadelphia,10344,2024-02-28
phoenix,10731,2024-02-28
portland,9245,2024-02-28
sacramento,9488,2024-02-28
san antonio,8101,2024-02-28
san diego,13675,2024-02-28
san francisco,10295,2024-02-28
san jose,8866,2024-02-28
seattle,9495,2024-02-28
tucson,10697,2024-02-28
washington,9732,2024-02-28
albuquerque,13251,2024-02-29
atlanta,9634,2024-02-29
austin,11757,2024-02-29
baltimore,10710,2024-02-29
boston,10703,2024-02-29
charlotte,8943,2024-02-29
chicago,11020,2024-02-29
columbus,10782,2024-02-29
dallas,11312,2024-02-29
denver,9757,2024-02-29
detroit,9532,2024-02-29
el paso,10601,2024-02-29
fort worth,12864,2024-02-29
fresno,11813,2024-02-29
houston,12821,2024-02-29
indianapolis,8182,2024-02-29
jacksonville,9168,2024-02-29
kansas city,11533,2024-02-29
las vegas,11152,2024-02-29
los angeles,8350,2024-02-29
louisville,10590,2024-02-29
memphis,10760,2024-02-29
mesa,10484,2024-02-29
miami,9533,2024-02-29
milwaukee,11743,2024-02-29
nashville,10212,2024-02-29
new york,8975,2024-02-29
oakland,8781,2024-02-29
oklahoma city,8571,2024-02-29
philadelphia,11980,2024-02-29
phoenix,12793,2024-02-29
portland,12026,2024-02-29
sacramento,9082,2024-02-29
san antonio,10186,2024-02-29
san diego,11913,2024-02-29
san francisco,10967,2024-02-29
san jose,10797,2024-02-29
seattle,8356,2024-02-29
tucson,10691,2024-02-29
washington,10734,2024-02-29
albuquerque,11035,2024-03-01
atlanta,10557,2024-03-01
austin,10693,2024-03-01
baltimore,10009,2024-03-01
boston,13649,2024-03-01
charlotte,12498,2024-03-01
chicago,10586,2024-03-01
columbus,10954,2024-03-01
dallas,13129,2024-03-01
denver,12127,2024-03-01
detroit,7380,2024-03-01
el paso,9649,2024-03-01
fort worth,10196,2024-03-01
fresno,8637,2024-03-01
houston,10128,2024-03-01
indianapolis,7998,2024-03-01
jacksonville,11904,2024-03-01
kansas city,11975,2024-03-01
las vegas,11938,2024-03-01
los angeles,10623,2024-03-01
louisville,12984,2024-03-01
memphis,8089,2024-03-01
mesa,10148,2024-03-01
miami,10889,2024-03-01
milwaukee,11172,2024-03-01
nashville,10228,2024-03-01
new york,9421,2024-03-01
oakland,9885,2024-03-01
oklahoma city,11249,2024-03-01
philadelphia,12125,2024-03-01
phoenix,9672,2024-03-01
portland,11434,2024-03-01
sacramento,10878,2024-03-01
san antonio,11742,2024-03-01
san diego,11314,2024-03-01
san francisco,11154,2024-03-01
san jose,10995,2024-03-01
seattle,11413,2024-03-01
tucson,12967,2024-03-01
washington,10849,2024-03-01
albuquerque,12362,2024-03-02
atlanta,9487,2024-03-02
austin,10170,2024-03-02
baltimore,9812,2024-03-02
boston,10918,2024-03-02
charlotte,10207,2024-03-02
chicago,12858,2024-03-02
columbus,9664,2024-03-02
dallas,11306,2024-03-02
denver,9923,2024-03-02
detroit,10921,2024-03-02
el paso,10753,2024-03-02
fort worth,13143,2024-03-02
fresno,9300,2024-03-02
houston,10223,2024-03-02
indianapolis,8544,2024-03-02
jacksonville,10911,2024-03-02
kansas city,9681,2024-03-02
las vegas,13077,2024-03-02
los angeles,10814,2024-03-02
louisville,10342,2024-03-02
memphis,10567,2024-03-02
mesa,10020,2024-03-02
miami,10145,2024-03-02
milwaukee,10090,2024-03-02
nashville,8538,2024-03-02
new york,9690,2024-03-02
oakland,9230,2024-03-02
oklahoma city,9632,2024-03-02
philadelphia,11518,2024-03-02
phoenix,10010,2024-03-02
portland,10890,2024-03-02
sacramento,9160,2024-03-02
san antonio,9260,2024-03-02
san diego,10867,2024-03-02
san francisco,7989,2024-03-02
san jose,10258,2024-03-02
seattle,10505,2024-03-02
tucson,10287,2024-03-02
washington,11641,2024-03-02
albuquerque,12809,2024-03-03
atlanta,10403,2024-03-03
austin,12807,2024-03-03
baltimore,11503,2024-03-03
boston,11232,2024-03-03
charlotte,10519,2024-03-03
chicago,11969,2024-03-03
columbus,13041,2024-03-03
dallas,11536,2024-03-03
denver,8994,2024-03-03
detroit,8989,2024-03-03
el paso,12113,2024-03-03
fort worth,11355,2024-03-03
fresno,8753,2024-03-03
houston,12777,2024-03-03
indianapolis,11606,2024-03-03
jacksonville,9527,2024-03-03
kansas city,9465,2024-03-03
las vegas,11243,2024-03-03
los angeles,10587,2024-03-03
louisville,10567,2024-03-03
memphis,8956,2024-03-03
mesa,8381,2024-03-03
miami,9093,2024-03-03
milwaukee,12493,2024-03-03
nashville,8188,2024-03-03
new york,9454,2024-03-03
oakland,10908,2024-03-03
oklahoma city,9024,2024-03-03
philadelphia,13150,2024-03-03
phoenix,11970,2024-03-03
portland,9219,2024-03-03
sacramento,8040,2024-03-03
san antonio,10998,2024-03-03
san diego,10892,2024-03-03
san francisco,10533,2024-03-03
san jose,11030,2024-03-03
seattle,8461,2024-03-03
tucson,13752,2024-03-03
washington,11025,2024-03-03
albuquerque,13847,2024-03-04
atlanta,8634,2024-03-04
austin,13460,2024-03-04
baltimore,8571,2024-03-04
boston,10398,2024-03-04
charlotte,8663,2024-03-04
chicago,13227,2024-03-04
columbus,11495,2024-03-04
dallas,13832,2024-03-04
denver,12263,2024-03-04
detroit,9503,2024-03-04
el paso,10076,2024-03-04
fort worth,12954,2024-03-04
fresno,11665,2024-03-04
houston,12011,2024-03-04
indianapolis,11208,2024-03-04
jacksonville,11882,2024-03-04
kansas city,9162,2024-03-04
las vegas,11154,2024-03-04
los angeles,8459,2024-03-04
louisville,10151,2024-03-04
memphis,10027,2024-03-04
mesa,9583,2024-03-04
miami,10745,2024-03-04
milwaukee,9371,2024-03-04
nashville,11195,2024-03-04
new york,9829,2024-03-04
oakland,8689,2024-03-04
oklahoma city,12041,2024-03-04
philadelphia,13421,2024-03-04
phoenix,9860,2024-03-04
portland,11460,2024-03-04
sacramento,10569,2024-03-04
san antonio,10759,2024-03-04
san diego,13694,2024-03-04
san francisco,7972,2024-03-04
san jose,11160,2024-03-04
seattle,10685,2024-03-04
tucson,12912,2024-03-04
washington,10235,2024-03-04
albuquerque,11031,2024-03-05
atlanta,9207,2024-03-05
austin,13191,2024-03-05
baltimore,8952,2024-03-05
boston,12417,2024-03-05
charlotte,10257,2024-03-05
chicago,10948,2024-03-05
columbus,11371,2024-03-05
dallas,10810,2024-03-05
denver,12330,2024-03-05
detroit,10032,2024-03-05
el paso,10023,2024-03-05
fort worth,13430,2024-03-05
fresno,9845,2024-03-05
houston,11350,2024-03-05
indianapolis,8051,2024-03-05
jacksonville,10101,2024-03-05
kansas city,12453,2024-03-05
las vegas,13608,2024-03-05
los angeles,10158,2024-03-05
louisville,12956,2024-03-05
memphis,8298,2024-03-05
mesa,9241,2024-03-05
miami,9318,2024-03-05
milwaukee,10493,2024-03-05
nashville,10022,2024-03-05
new york,9167,2024-03-05
oakland,8243,2024-03-05
oklahoma city,8790,2024-03-05
philadelphia,13565,2024-03-05
phoenix,9743,2024-03-05
portland,9362,2024-03-05
sacramento,11091,2024-03-05
san antonio,10708,2024-03-05
san diego,11054,2024-03-05
san francisco,10648,2024-03-05
san jose,8913,2024-03-05
seattle,10563,2024-03-05
tucson,10129,2024-03-05
washington,9560,2024-03-05
albuquerque,12161,2024-03-06
atlanta,10105,2024-03-06
austin,13776,2024-03-06
baltimore,11302,2024-03-06
boston,13653,2024-03-06
charlotte,9593,2024-03-06
chicago,11044,2024-03-06
columbus,12656,2024-03-06
dallas,12359,2024-03-06
denver,10182,2024-03-06
detroit,9665,2024-03-06
el paso,9409,2024-03-06
fort worth,10624,2024-03-06
fresno,11183,2024-03-06
houston,11378,2024-03-06
indianapolis,10319,2024-03-06
jacksonville,10823,2024-03-06
kansas city,9362,2024-03-06
las vegas,13270,2024-03-06
los angeles,8354,2024-03-06
louisville,12405,2024-03-06
memphis,7596,2024-03-06
mesa,8955,2024-03-06
miami,10656,2024-03-06
milwaukee,12860,2024-03-06
nashville,11676,2024-03-06
new york,10375,2024-03-06
oakland,7922,2024-03-06
oklahoma city,11940,2024-03-06
philadelphia,10176,2024-03-06
phoenix,9900,2024-03-06
portland,11800,2024-03-06
sacramento,9980,2024-03-06
san antonio,11907,2024-03-06
san diego,12726,2024-03-06
san francisco,8569,2024-03-06
san jose,11217,2024-03-06
seattle,10470,2024-03-06
tucson,10028,2024-03-06
washington,9601,2024-03-06
albuquerque,12132,2024-03-07
atlanta,9004,2024-03-07
austin,10620,2024-03-07
baltimore,9267,2024-03-07
boston,10603,2024-03-07
charlotte,8650,2024-03-07
chicago,12446,2024-03-07
columbus,13159,2024-03-07
dallas,13825,2024-03-07
denver,10883,2024-03-07
detroit,9104,2024-03-07
el paso,11303,2024-03-07
fort worth,13533,2024-03-07
fresno,9681,2024-03-07
houston,11698,2024-03-07
indianapolis,7923,2024-03-07
jacksonville,8784,2024-03-07
kansas city,9689,2024-03-07
las vegas,12987,2024-03-07
los angeles,11071,2024-03-07
louisville,10252,2024-03-07
memphis,7775,2024-03-07
mesa,11385,2024-03-07
miami,11121,2024-03-07
milwaukee,10699,2024-03-07
nashville,8818,2024-03-07
new york,12408,2024-03-07
oakland,7515,2024-03-07
oklahoma city,9444,2024-03-07
philadelphia,13112,2024-03-07
phoenix,11808,2024-03-07
portland,11742,2024-03-07
sacramento,10765,2024-03-07
san antonio,9455,2024-03-07
san diego,13166,2024-03-07
san francisco,9579,2024-03-07
san jose,11358,2024-03-07
seattle,9914,2024-03-07
tucson,11807,2024-03-07
washington,9909,2024-03-07
albuquerque,13468,2024-03-08
atlanta,10714,2024-03-08
austin,10849,2024-03-08
baltimore,11228,2024-03-08
boston,10387,2024-03-08
charlotte,11545,2024-03-08
chicago,9883,2024-03-08
columbus,13561,2024-03-08
dallas,12030,2024-03-08
denver,10636,2024-03-08
detroit,9534,2024-03-08
el paso,13334,2024-03-08
fort worth,11456,2024-03-08
fresno,9181,2024-03-08
houston,12679,2024-03-08
indianapolis,7884,2024-03-08
jacksonville,9849,2024-03-08
kansas city,11908,2024-03-08
las vegas,13557,2024-03-08
los angeles,7566,2024-03-08
louisville,12698,2024-03-08
memphis,10396,2024-03-08
mesa,10177,2024-03-08
miami,10004,2024-03-08
milwaukee,10609,2024-03-08
nashville,9934,2024-03-08
new york,11465,2024-03-08
oakland,11104,2024-03-08
oklahoma city,8379,2024-03-08
philadelphia,11536,2024-03-08
phoenix,12769,2024-03-08
portland,10200,2024-03-08
sacramento,10612,2024-03-08
san antonio,11337,2024-03-08
san diego,12368,2024-03-08
san francisco,7968,2024-03-08
san jose,10982,2024-03-08
seattle,10152,2024-03-08
tucson,13205,2024-03-08
washington,9334,2024-03-08
albuquerque,11828,2024-03-09
atlanta,11374,2024-03-09
austin,11184,2024-03-09
baltimore,8227,2024-03-09
boston,12601,2024-03-09
charlotte,11048,2024-03-09
chicago,10320,2024-03-09
columbus,9911,2024-03-09
dallas,11679,2024-03-09
denver,8625,2024-03-09
detroit,9910,2024-03-09
el paso,12815,2024-03-09
fort worth,10269,2024-03-09
fresno,8830,2024-03-09
houston,9158,2024-03-09
indianapolis,9428,2024-03-09
jacksonville,11455,2024-03-09
kansas city,11881,2024-03-09
las vegas,10711,2024-03-09
los angeles,9640,2024-03-09
louisville,13483,2024-03-09
memphis,9616,2024-03-09
mesa,10450,2024-03-09
miami,8877,2024-03-09
milwaukee,10722,2024-03-09
nashville,9233,2024-03-09
new york,9865,2024-03-09
oakland,8852,2024-03-09
oklahoma city,9533,2024-03-09
philadelphia,10877,2024-03-09
phoenix,12778,2024-03-09
portland,11214,2024-03-09
sacramento,10076,2024-03-09
san antonio,8558,2024-03-09
san diego,11635,2024-03-09
san francisco,10178,2024-03-09
san jose,11625,2024-03-09
seattle,11219,2024-03-09
tucson,12500,2024-03-09
washington,8175,2024-03-09
albuquerque,13758,2024-03-10
atlanta,9920,2024-03-10
austin,11634,2024-03-10
baltimore,11305,2024-03-10
boston,11327,2024-03-10
charlotte,10314,2024-03-10
chicago,9702,2024-03-10
columbus,11506,2024-03-10
dallas,13803,2024-03-10
denver,10308,2024-03-10
detroit,9746,2024-03-10
el paso,10365,2024-03-10
fort worth,13121,2024-03-10
fresno,7900,2024-03-10
houston,10227,2024-03-10
indianapolis,9484,2024-03-10
jacksonville,10233,2024-03-10
kansas city,11127,2024-03-10
las vegas,12460,2024-03-10
los angeles,8415,2024-03-10
louisville,11685,2024-03-10
memphis,9233,2024-03-10
mesa,10203,2024-03-10
miami,8865,2024-03-10
milwaukee,9359,2024-03-10
nashville,11494,2024-03-10
new york,9221,2024-03-10
oakland,11254,2024-03-10
oklahoma city,11290,2024-03-10
philadelphia,13339,2024-03-10
phoenix,12982,2024-03-10
portland,10513,2024-03-10
sacramento,9539,2024-03-10
san antonio,11400,2024-03-10
san diego,12463,2024-03-10
san francisco,11576,2024-03-10
san jose,8765,2024-03-10
seattle,10884,2024-03-10
tucson,10329,2024-03-10
washington,11623,2024-03-10
albuquerque,10557,2024-03-11
atlanta,11287,2024-03-11
austin,12695,2024-03-11
baltimore,8717,2024-03-11
boston,11248,2024-03-11
charlotte,12352,2024-03-11
chicago,13056,2024-03-11
columbus,11536,2024-03-11
dallas,10756,2024-03-11
denver,9466,2024-03-11
detroit,9368,2024-03-11
el paso,13212,2024-03-11
fort worth,11992,2024-03-11
fresno,9144,2024-03-11
houston,8910,2024-03-11
indianapolis,11546,2024-03-11
jacksonville,9995,2024-03-11
kansas city,9262,2024-03-11
las vegas,12964,2024-03-11
los angeles,9914,2024-03-11
louisville,12797,2024-03-11
memphis,7486,2024-03-11
mesa,9636,2024-03-11
miami,9929,2024-03-11
milwaukee,12150,2024-03-11
nashville,8574,2024-03-11
new york,11917,2024-03-11
oakland,7688,2024-03-11
oklahoma city,12005,2024-03-11
philadelphia,12243,2024-03-11
phoenix,12629,2024-03-11
portland,11142,2024-03-11
sacramento,10035,2024-03-11
san antonio,9514,2024-03-11
san diego,12591,2024-03-11
san francisco,9229,2024-03-11
san jose,7999,2024-03-11
seattle,9195,2024-03-11
tucson,13669,2024-03-11
washington,9040,2024-03-11
albuquerque,12531,2024-03-12
atlanta,9872,2024-03-12
austin,12581,2024-03-12
baltimore,8985,2024-03-12
boston,12971,2024-03-12
charlotte,11174,2024-03-12
chicago,9741,2024-03-12
columbus,9712,2024-03-12
dallas,10380,2024-03-12
denver,11432,2024-03-12
detroit,7367,2024-03-12
el paso,10863,2024-03-12
fort worth,13408,2024-03-12
fresno,9849,2024-03-12
houston,12555,2024-03-12
indianapolis,9250,2024-03-12
jacksonville,11358,2024-03-12
kansas city,11324,2024-03-12
las vegas,10798,2024-03-12
los angeles,9336,2024-03-12
louisville,10773,2024-03-12
memphis,8875,2024-03-12
mesa,11363,2024-03-12
miami,8918,2024-03-12
milwaukee,10820,2024-03-12
nashville,8064,2024-03-12
new york,12322,2024-03-12
oakland,8934,2024-03-12
oklahoma city,11249,2024-03-12
philadelphia,13111,2024-03-12
phoenix,10008,2024-03-12
portland,11880,2024-03-12
sacramento,11574,2024-03-12
san antonio,11268,2024-03-12
san diego,10975,2024-03-12
san francisco,11861,2024-03-12
san jose,10964,2024-03-12
seattle,7967,2024-03-12
tucson,13636,2024-03-12
washington,10945,2024-03-12
albuquerque,13205,2024-03-13
atlanta,9368,2024-03-13
austin,10193,2024-03-13
baltimore,9464,2024-03-13
boston,11372,2024-03-13
charlotte,12362,2024-03-13
chicago,10830,2024-03-13
columbus,10317,2024-03-13
dallas,11130,2024-03-13
denver,11223,2024-03-13
detroit,7431,2024-03-13
el paso,12850,2024-03-13
fort worth,11296,2024-03-13
fresno,10132,2024-03-13
houston,9514,2024-03-13
indianapolis,8579,2024-03-13
jacksonville,9394,2024-03-13
kansas city,10980,2024-03-13
las vegas,10800,2024-03-13
los angeles,7929,2024-03-13
louisville,12280,2024-03-13
memphis,9365,2024-03-13
mesa,11574,2024-03-13
miami,8259,2024-03-13
milwaukee,12691,2024-03-13
nashville,10440,2024-03-13
new york,9238,2024-03-13
oakland,9975,2024-03-13
oklahoma city,12055,2024-03-13
philadelphia,12844,2024-03-13
phoenix,10691,2024-03-13
portland,12833,2024-03-13
sacramento,7882,2024-03-13
san antonio,9336,2024-03-13
san diego,12327,2024-03-13
san francisco,9961,2024-03-13
san jose,9166,2024-03-13
seattle,10943,2024-03-13
tucson,10867,2024-03-13
washington,10708,2024-03-13
albuquerque,13778,2024-03-14
atlanta,11750,2024-03-14
austin,10176,2024-03-14
baltimore,9968,2024-03-14
boston,10600,2024-03-14
charlotte,12317,2024-03-14
chicago,9996,2024-03-14
columbus,10760,2024-03-14
dallas,11502,2024-03-14
denver,10689,2024-03-14
detroit,7727,2024-03-14
el paso,10460,2024-03-14
fort worth,13664,2024-03-14
fresno,11661,2024-03-14
houston,11687,2024-03-14
indianapolis,9626,2024-03-14
jacksonville,9816,2024-03-14
kansas city,10214,2024-03-14
las vegas,13200,2024-03-14
los angeles,8997,2024-03-14
louisville,13341,2024-03-14
memphis,11230,2024-03-14
mesa,8647,2024-03-14
miami,11396,2024-03-14
milwaukee,12225,2024-03-14
nashville,10144,2024-03-14
new york,12356,2024-03-14
oakland,8340,2024-03-14
oklahoma city,8319,2024-03-14
philadelphia,11743,2024-03-14
phoenix,10319,2024-03-14
portland,12642,2024-03-14
sacramento,9913,2024-03-14
san antonio,11873,2024-03-14
san diego,10721,2024-03-14
san francisco,10954,2024-03-14
san jose,9369,2024-03-14
seattle,9472,2024-03-14
tucson,10852,2024-03-14
washington,11811,2024-03-14
albuquerque,12914,2024-03-15
atlanta,10474,2024-03-15
austin,10732,2024-03-15
baltimore,9530,2024-03-15
boston,9961,2024-03-15
charlotte,11988,2024-03-15
chicago,10369,2024-03-15
columbus,10180,2024-03-15
dallas,10937,2024-03-15
denver,9247,2024-03-15
detroit,10671,2024-03-15
el paso,11905,2024-03-15
fort worth,11393,2024-03-15
fresno,8661,2024-03-15
houston,11407,2024-03-15
indianapolis,8809,2024-03-15
jacksonville,10156,2024-03-15
kansas city,10408,2024-03-15
las vegas,12581,2024-03-15
los angeles,7529,2024-03-15
louisville,11249,2024-03-15
memphis,9637,2024-03-15
mesa,8738,2024-03-15
miami,8385,2024-03-15
milwaukee,10278,2024-03-15
nashville,8061,2024-03-15
new york,11263,2024-03-15
oakland,8688,2024-03-15
oklahoma city,10295,2024-03-15
philadelphia,10616,2024-03-15
phoenix,12319,2024-03-15
portland,9408,2024-03-15
sacramento,7868,2024-03-15
san antonio,8373,2024-03-15
san diego,12014,2024-03-15
san francisco,10453,2024-03-15
san jose,10695,2024-03-15
seattle,8163,2024-03-15
tucson,10380,2024-03-15
washington,9598,2024-03-15
albuquerque,11738,2024-03-16
atlanta,8833,2024-03-16
austin,13642,2024-03-16
baltimore,10942,2024-03-16
boston,13029,2024-03-16
charlotte,11412,2024-03-16
chicago,13160,2024-03-16
columbus,10437,2024-03-16
dallas,13793,2024-03-16
denver,12093,2024-03-16
detroit,8705,2024-03-16
el paso,12153,2024-03-16
fort worth,12358,2024-03-16
fresno,10730,2024-03-16
houston,11476,2024-03-16
indianapolis,8813,2024-03-16
jacksonville,8826,2024-03-16
kansas city,9662,2024-03-16
las vegas,13365,2024-03-16
los angeles,9491,2024-03-16
louisville,11154,2024-03-16
memphis,9735,2024-03-16
mesa,8414,2024-03-16
miami,11163,2024-03-16
milwaukee,9238,2024-03-16
nashville,11775,2024-03-16
new york,8661,2024-03-16
oakland,8674,2024-03-16
oklahoma city,11592,2024-03-16
philadelphia,13295,2024-03-16
phoenix,12417,2024-03-16
portland,10237,2024-03-16
sacramento,10009,2024-03-16
san antonio,10831,2024-03-16
san diego,11896,2024-03-16
san francisco,8292,2024-03-16
san jose,9948,2024-03-16
seattle,10719,2024-03-16
tucson,11500,2024-03-16
washington,10782,2024-03-16
albuquerque,11898,2024-03-17
atlanta,8757,2024-03-17
austin,10517,2024-03-17
baltimore,9010,2024-03-17
boston,10226,2024-03-17
charlotte,11304,2024-03-17
chicago,12895,2024-03-17
columbus,12980,2024-03-17
dallas,10733,2024-03-17
denver,8739,2024-03-17
detroit,10092,2024-03-17
el paso,10011,2024-03-17
fort worth,13829,2024-03-17
fresno,9273,2024-03-17
houston,9445,2024-03-17
indianapolis,11501,2024-03-17
jacksonville,11323,2024-03-17
kansas city,9411,2024-03-17
las vegas,12005,2024-03-17
los angeles,9085,2024-03-17
louisville,11342,2024-03-17
memphis,7480,2024-03-17
mesa,9807,2024-03-17
miami,9278,2024-03-17
milwaukee,12868,2024-03-17
nashville,9183,2024-03-17
new york,8665,2024-03-17
oakland,10085,2024-03-17
oklahoma city,12127,2024-03-17
philadelphia,10892,2024-03-17
phoenix,9804,2024-03-17
portland,9839,2024-03-17
sacramento,8533,2024-03-17
san antonio,11242,2024-03-17
san diego,11050,2024-03-17
san francisco,9674,2024-03-17
san jose,9673,2024-03-17
seattle,8728,2024-03-17
tucson,10094,2024-03-17
washington,10265,2024-03-17
albuquerque,9937,2024-03-18
atlanta,9810,2024-03-18
austin,13033,2024-03-18
baltimore,9396,2024-03-18
boston,13073,2024-03-18
charlotte,12193,2024-03-18
chicago,11645,2024-03-18
columbus,11534,2024-03-18
dallas,12293,2024-03-18
denver,11115,2024-03-18
detroit,10961,2024-03-18
el paso,10432,2024-03-18
fort worth,11377,2024-03-18
fresno,7903,2024-03-18
houston,12088,2024-03-18
indianapolis,8120,2024-03-18
jacksonville,8452,2024-03-18
kansas city,12673,2024-03-18
las vegas,13606,2024-03-18
los angeles,8351,2024-03-18
louisville,13766,2024-03-18
memphis,8214,2024-03-18
mesa,10232,2024-03-18
miami,9837,2024-03-18
milwaukee,9890,2024-03-18
nashville,10726,2024-03-18
new york,10980,2024-03-18
oakland,8072,2024-03-18
oklahoma city,9799,2024-03-18
philadelphia,10956,2024-03-18
phoenix,11405,2024-03-18
portland,9626,2024-03-18
sacramento,10725,2024-03-18
san antonio,10046,2024-03-18
san diego,11220,2024-03-18
san francisco,11333,2024-03-18
san jose,9367,2024-03-18
seattle,11802,2024-03-18
tucson,10964,2024-03-18
washington,11563,2024-03-18
albuquerque,10954,2024-03-19
atlanta,10577,2024-03-19
austin,13693,2024-03-19
baltimore,10948,2024-03-19
boston,10063,2024-03-19
charlotte,10546,2024-03-19
chicago,12079,2024-03-19
columbus,12895,2024-03-19
dallas,11347,2024-03-19
denver,10127,2024-03-19
detroit,8987,2024-03-19
el paso,9673,2024-03-19
fort worth,12362,2024-03-19
fresno,8091,2024-03-19
houston,11242,2024-03-19
indianapolis,9174,2024-03-19
jacksonville,11127,2024-03-19
kansas city,11225,2024-03-19
las vegas,13241,2024-03-19
los angeles,10518,2024-03-19
louisville,12891,2024-03-19
memphis,9422,2024-03-19
mesa,11566,2024-03-19
miami,10217,2024-03-19
milwaukee,11760,2024-03-19
nashville,11035,2024-03-19
new york,11685,2024-03-19
oakland,9236,2024-03-19
oklahoma city,11905,2024-03-19
philadelphia,10011,2024-03-19
phoenix,9982,2024-03-19
portland,12640,2024-03-19
sacramento,10856,2024-03-19
san antonio,8823,2024-03-19
san diego,11550,2024-03-19
san francisco,10491,2024-03-19
san jose,8352,2024-03-19
seattle,8963,2024-03-19
tucson,12779,2024-03-19
washington,10022,2024-03-19
albuquerque,13698,2024-03-20
atlanta,10660,2024-03-20
austin,12643,2024-03-20
baltimore,11787,2024-03-20
boston,13624,2024-03-20
charlotte,11429,2024-03-20
chicago,10336,2024-03-20
columbus,10337,2024-03-20
dallas,13147,2024-03-20
denver,11149,2024-03-20
detroit,8646,2024-03-20
el paso,12923,2024-03-20
fort worth,13388,2024-03-20
fresno,8702,2024-03-20
houston,10505,2024-03-20
indianapolis,11282,2024-03-20
jacksonville,8189,2024-03-20
kansas city,11321,2024-03-20
las vegas,11444,2024-03-20
los angeles,9248,2024-03-20
louisville,12487,2024-03-20
memphis,8836,2024-03-20
mesa,7878,2024-03-20
miami,11601,2024-03-20
milwaukee,12982,2024-03-20
nashville,10313,2024-03-20
new york,9219,2024-03-20
oakland,7958,2024-03-20
oklahoma city,11998,2024-03-20
philadelphia,12430,2024-03-20
phoenix,10671,2024-03-20
portland,9555,2024-03-20
sacramento,11626,2024-03-20
san antonio,8698,2024-03-20
san diego,12750,2024-03-20
san francisco,11775,2024-03-20
san jose,10909,2024-03-20
seattle,8279,2024-03-20
tucson,13832,2024-03-20
washington,8938,2024-03-20
albuquerque,10243,2024-03-21
atlanta,11255,2024-03-21
austin,13082,2024-03-21
baltimore,12108,2024-03-21
boston,11926,2024-03-21
charlotte,12041,2024-03-21
chicago,12741,2024-03-21
columbus,10180,2024-03-21
dallas,11949,2024-03-21
denver,9342,2024-03-21
detroit,10584,2024-03-21
el paso,11565,2024-03-21
fort worth,13005,2024-03-21
fresno,11785,2024-03-21
houston,9007,2024-03-21
indianapolis,8764,2024-03-21
jacksonville,11439,2024-03-21
kansas city,10034,2024-03-21
las vegas,11281,2024-03-21
los angeles,7898,2024-03-21
louisville,12196,2024-03-21
memphis,10650,2024-03-21
mesa,10675,2024-03-21
miami,7856,2024-03-21
milwaukee,12943,2024-03-21
nashville,9522,2024-03-21
new york,10086,2024-03-21
oakland,9965,2024-03-21
oklahoma city,11579,2024-03-21
philadelphia,10135,2024-03-21
phoenix,9633,2024-03-21
portland,12101,2024-03-21
sacramento,9884,2024-03-21
san antonio,10347,2024-03-21
san diego,12251,2024-03-21
san francisco,10583,2024-03-21
san jose,10244,2024-03-21
seattle,10077,2024-03-21
tucson,9970,2024-03-21
washington,11691,2024-03-21
albuquerque,13658,2024-03-22
atlanta,11890,2024-03-22
austin,12924,2024-03-22
baltimore,9649,2024-03-22
boston,10740,2024-03-22
charlotte,11105,2024-03-22
chicago,10495,2024-03-22
columbus,10957,2024-03-22
dallas,9992,2024-03-22
denver,11058,2024-03-22
detroit,8771,2024-03-22
el paso,12689,2024-03-22
fort worth,10698,2024-03-22
fresno,8293,2024-03-22
houston,11439,2024-03-22
indianapolis,8955,2024-03-22
jacksonville,11780,2024-03-22
kansas city,10789,2024-03-22
las vegas,11800,2024-03-22
los angeles,8563,2024-03-22
louisville,12394,2024-03-22
memphis,9893,2024-03-22
mesa,11654,2024-03-22
miami,8234,2024-03-22
milwaukee,11399,2024-03-22
nashville,8796,2024-03-22
new york,8517,2024-03-22
oakland,7530,2024-03-22
oklahoma city,11537,2024-03-22
philadelphia,10863,2024-03-22
phoenix,11010,2024-03-22
portland,11198,2024-03-22
sacramento,7782,2024-03-22
san antonio,9568,2024-03-22
san diego,12063,2024-03-22
san francisco,10923,2024-03-22
san jose,11207,2024-03-22
seattle,11567,2024-03-22
tucson,10974,2024-03-22
washington,11711,2024-03-22
albuquerque,10986,2024-03-23
atlanta,11737,2024-03-23
austin,12116,2024-03-23
baltimore,10127,2024-03-23
boston,12384,2024-03-23
charlotte,11998,2024-03-23
chicago,11426,2024-03-23
columbus,11084,2024-03-23
dallas,13775,2024-03-23
denver,8380,2024-03-23
detroit,9979,2024-03-23
el paso,10200,2024-03-23
fort worth,11565,2024-03-23
fresno,10008,2024-03-23
houston,8906,2024-03-23
indianapolis,10948,2024-03-23
jacksonville,8859,2024-03-23
kansas city,10104,2024-03-23
las vegas,10709,2024-03-23
los angeles,8870,2024-03-23
louisville,12899,2024-03-23
memphis,10343,2024-03-23
mesa,9277,2024-03-23
miami,10721,2024-03-23
milwaukee,12524,2024-03-23
nashville,10938,2024-03-23
new york,9293,2024-03-23
oakland,9942,2024-03-23
oklahoma city,10531,2024-03-23
philadelphia,10270,2024-03-23
phoenix,9188,2024-03-23
portland,10363,2024-03-23
sacramento,9770,2024-03-23
san antonio,12039,2024-03-23
san diego,13561,2024-03-23
san francisco,9998,2024-03-23
san jose,8535,2024-03-23
seattle,8834,2024-03-23
tucson,13057,2024-03-23
washington,10763,2024-03-23
albuquerque,13111,2024-03-24
atlanta,9308,2024-03-24
austin,12946,2024-03-24
baltimore,8978,2024-03-24
boston,13667,2024-03-24
charlotte,9966,2024-03-24
chicago,12893,2024-03-24
columbus,13008,2024-03-24
dallas,12913,2024-03-24
denver,9530,2024-03-24
detroit,8153,2024-03-24
el paso,12927,2024-03-24
fort worth,12591,2024-03-24
fresno,10033,2024-03-24
houston,10574,2024-03-24
indianapolis,9266,2024-03-24
jacksonville,10484,2024-03-24
kansas city,12860,2024-03-24
las vegas,13408,2024-03-24
los angeles,10595,2024-03-24
louisville,12205,2024-03-24
memphis,11168,2024-03-24
mesa,10224,2024-03-24
miami,7748,2024-03-24
milwaukee,11356,2024-03-24
nashville,9102,2024-03-24
new york,10946,2024-03-24
oakland,9849,2024-03-24
oklahoma city,8289,2024-03-24
philadelphia,12958,2024-03-24
phoenix,11645,2024-03-24
portland,9186,2024-03-24
sacramento,11151,2024-03-24
san antonio,8313,2024-03-24
san diego,10925,2024-03-24
san francisco,10678,2024-03-24
san jose,10090,2024-03-24
seattle,10097,2024-03-24
tucson,13688,2024-03-24
washington,8674,2024-03-24
albuquerque,10414,2024-03-25
atlanta,10508,2024-03-25
austin,11206,2024-03-25
baltimore,10423,2024-03-25
boston,11512,2024-03-25
charlotte,10180,2024-03-25
chicago,9838,2024-03-25
columbus,10940,2024-03-25
dallas,13181,2024-03-25
denver,10895,2024-03-25
detroit,10422,2024-03-25
el paso,12644,2024-03-25
fort worth,10552,2024-03-25
fresno,11007,2024-03-25
houston,11377,2024-03-25
indianapolis,8722,2024-03-25
jacksonville,9542,2024-03-25
kansas city,12197,2024-03-25
las vegas,9954,2024-03-25
los angeles,9290,2024-03-25
louisville,13492,2024-03-25
memphis,11366,2024-03-25
mesa,10913,2024-03-25
miami,10717,2024-03-25
milwaukee,10239,2024-03-25
nashville,10280,2024-03-25
new york,10802,2024-03-25
oakland,10549,2024-03-25
oklahoma city,9329,2024-03-25
philadelphia,11084,2024-03-25
phoenix,9603,2024-03-25
portland,11987,2024-03-25
sacramento,11186,2024-03-25
san antonio,8758,2024-03-25
san diego,10884,2024-03-25
san francisco,10788,2024-03-25
san jose,8178,2024-03-25
seattle,10713,2024-03-25
tucson,11145,2024-03-25
washington,8586,2024-03-25
albuquerque,10143,2024-03-26
atlanta,10137,2024-03-26
austin,11212,2024-03-26
baltimore,9134,2024-03-26
boston,12012,2024-03-26
charlotte,11888,2024-03-26
chicago,10529,2024-03-26
columbus,12722,2024-03-26
dallas,13874,2024-03-26
denver,11832,2024-03-26
detroit,10123,2024-03-26
el paso,11559,2024-03-26
fort worth,12594,2024-03-26
fresno,10591,2024-03-26
houston,10003,2024-03-26
indianapolis,9103,2024-03-26
jacksonville,11500,2024-03-26
kansas city,13007,2024-03-26
las vegas,10412,2024-03-26
los angeles,7778,2024-03-26
louisville,10413,2024-03-26
memphis,10170,2024-03-26
mesa,8446,2024-03-26
miami,11427,2024-03-26
milwaukee,12826,2024-03-26
nashville,7849,2024-03-26
new york,12272,2024-03-26
oakland,8118,2024-03-26
oklahoma city,8524,2024-03-26
philadelphia,10292,2024-03-26
phoenix,12908,2024-03-26
portland,12627,2024-03-26
sacramento,9919,2024-03-26
san antonio,10545,2024-03-26
san diego,10307,2024-03-26
san francisco,8462,2024-03-26
san jose,9094,2024-03-26
seattle,11863,2024-03-26
tucson,12201,2024-03-26
washington,11696,2024-03-26
albuquerque,11624,2024-03-27
atlanta,9378,2024-03-27
austin,13397,2024-03-27
baltimore,10636,2024-03-27
boston,10111,2024-03-27
charlotte,9962,2024-03-27
chicago,9982,2024-03-27
columbus,11007,2024-03-27
dallas,12345,2024-03-27
denver,9035,2024-03-27
detroit,7654,2024-03-27
el paso,10135,2024-03-27
fort worth,11559,2024-03-27
fresno,8992,2024-03-27
houston,9990,2024-03-27
indianapolis,9628,2024-03-27
jacksonville,11188,2024-03-27
kansas city,11845,2024-03-27
las vegas,11001,2024-03-27
los angeles,9502,2024-03-27
louisville,10941,2024-03-27
memphis,9996,2024-03-27
mesa,11270,2024-03-27
miami,10193,2024-03-27
milwaukee,10768,2024-03-27
nashville,11109,2024-03-27
new york,10243,2024-03-27
oakland,10926,2024-03-27
oklahoma city,10517,2024-03-27
philadelphia,11315,2024-03-27
phoenix,9214,2024-03-27
portland,13136,2024-03-27
sacramento,10941,2024-03-27
san antonio,8529,2024-03-27
san diego,11917,2024-03-27
san francisco,8237,2024-03-27
san jose,9753,2024-03-27
seattle,11407,2024-03-27
tucson,11498,2024-03-27
washington,8300,2024-03-27
albuquerque,11190,2024-03-28
atlanta,8721,2024-03-28
austin,11883,2024-03-28
baltimore,10152,2024-03-28
boston,11976,2024-03-28
charlotte,9106,2024-03-28
chicago,9911,2024-03-28
columbus,12247,2024-03-28
dallas,11357,2024-03-28
denver,9885,2024-03-28
detroit,10637,2024-03-28
el paso,10657,2024-03-28
fort worth,13826,2024-03-28
fresno,7961,2024-03-28
houston,10185,2024-03-28
indianapolis,11285,2024-03-28
jacksonville,10087,2024-03-28
kansas city,12601,2024-03-28
las vegas,10614,2024-03-28
los angeles,8483,2024-03-28
louisville,12019,2024-03-28
memphis,9205,2024-03-28
mesa,10987,2024-03-28
miami,8639,2024-03-28
milwaukee,11027,2024-03-28
nashville,7968,2024-03-28
new york,12045,2024-03-28
oakland,10418,2024-03-28
oklahoma city,8890,2024-03-28
philadelphia,13604,2024-03-28
phoenix,11339,2024-03-28
portland,10151,2024-03-28
sacramento,9431,2024-03-28
san antonio,10774,2024-03-28
san diego,11445,2024-03-28
san francisco,8795,2024-03-28
san jose,7727,2024-03-28
seattle,9361,2024-03-28
tucson,11978,2024-03-28
washington,8864,2024-03-28
albuquerque,11712,2024-03-29
atlanta,10521,2024-03-29
austin,10769,2024-03-29
baltimore,9600,2024-03-29
boston,11748,2024-03-29
charlotte,9343,2024-03-29
chicago,9662,2024-03-29
columbus,9787,2024-03-29
dallas,10379,2024-03-29
denver,12068,2024-03-29
detroit,9776,2024-03-29
el paso,10579,2024-03-29
fort worth,13427,2024-03-29
fresno,9947,2024-03-29
houston,11882,2024-03-29
indianapolis,9969,2024-03-29
jacksonville,9634,2024-03-29
kansas city,11482,2024-03-29
las vegas,13524,2024-03-29
los angeles,10601,2024-03-29
louisville,12518,2024-03-29
memphis,9913,2024-03-29
mesa,9406,2024-03-29
miami,7959,2024-03-29
milwaukee,10370,2024-03-29
nashville,9911,2024-03-29
new york,9149,2024-03-29
oakland,9874,2024-03-29
oklahoma city,10717,2024-03-29
philadelphia,13537,2024-03-29
phoenix,9130,2024-03-29
portland,11461,2024-03-29
sacramento,7914,2024-03-29
san antonio,8902,2024-03-29
san diego,11742,2024-03-29
san francisco,10573,2024-03-29
san jose,9385,2024-03-29
seattle,11708,2024-03-29
tucson,10494,2024-03-29
washington,11778,2024-03-29
albuquerque,9913,2024-03-30
atlanta,10677,2024-03-30
austin,13105,2024-03-30
baltimore,8784,2024-03-30
boston,13025,2024-03-30
charlotte,12482,2024-03-30
chicago,13285,2024-03-30
columbus,11654,2024-03-30
dallas,12021,2024-03-30
denver,8389,2024-03-30
detroit,9597,2024-03-30
el paso,10379,2024-03-30
fort worth,13750,2024-03-30
fresno,9958,2024-03-30
houston,9758,2024-03-30
indianapolis,10493,2024-03-30
jacksonville,10615,2024-03-30
kansas city,9151,2024-03-30
las vegas,9974,2024-03-30
los angeles,7342,2024-03-30
louisville,12156,2024-03-30
memphis,9974,2024-03-30
mesa,10860,2024-03-30
miami,8213,2024-03-30
milwaukee,11557,2024-03-30
nashville,10841,2024-03-30
new york,12257,2024-03-30
oakland,8916,2024-03-30
oklahoma city,10893,2024-03-30
philadelphia,10548,2024-03-30
phoenix,12573,2024-03-30
portland,10797,2024-03-30
sacramento,8635,2024-03-30
san antonio,10583,2024-03-30
san diego,12024,2024-03-30
san francisco,10267,2024-03-30
san jose,11612,2024-03-30
seattle,10162,2024-03-30
tucson,10126,2024-03-30
washington,9998,2024-03-30
