Date,Monthly Number of Airline Passengers
2008-01-01,8.431798034720655
2008-01-02,7.958231782308543
2008-01-03,8.621390164927062
2008-01-04,9.356028738731059
2008-01-05,7.984606897696224
2008-01-06,8.018893829335525
2008-01-07,9.503786342204618
2008-01-08,8.888505327548858
2008-01-09,7.9330381325806
2008-01-10,8.776634323231727
2008-01-11,8.005719265436518
2008-01-12,8.037625196881033
2008-01-13,8.637412843261158
2008-01-14,6.946721336285663
2008-01-15,7.130772324221947
2008-01-16,8.094086291675433
2008-01-17,7.766699969493678
2008-01-18,8.861240315388798
2008-01-19,7.916120062967759
2008-01-20,7.545202838119993
2008-01-21,9.879871259489986
2008-01-22,8.558828045392119
2008-01-23,8.825349376237552
2008-01-24,7.66317742944118
2008-01-25,8.398881025604487
2008-01-26,8.954289256868755
2008-01-27,7.9756638215429785
2008-01-28,9.227658956482239
2008-01-29,8.476956728296534
2008-01-30,8.754196100485334
2008-01-31,8.53597659792069
2008-02-01,10.52865376233825
2008-02-02,9.065212563286252
2008-02-03,8.25870188317052
2008-02-04,9.791439442264787
2008-02-05,8.184925626930784
2008-02-06,9.356544249925332
2008-02-07,7.649217641126432
2008-02-08,8.181544657762991
2008-02-09,9.428353590475654
2008-02-10,9.888032386066293
2008-02-11,9.460363861436532
2008-02-12,9.256368611755299
2008-02-13,9.133222577975904
2008-02-14,8.216099061809352
2008-02-15,8.847437877847781
2008-02-16,9.078777059823995
2008-02-17,10.316531826903104
2008-02-18,9.76883880704788
2008-02-19,8.106179492666937
2008-02-20,9.798096829283711
2008-02-21,9.252525877808498
2008-02-22,9.040353713268788
2008-02-23,10.092063207422047
2008-02-24,10.447877736011481
2008-02-25,10.387977201897787
2008-02-26,8.990967234153503
2008-02-27,9.433866910587984
2008-02-28,9.964644928177906
2008-02-29,10.497964018249494
2008-03-01,9.351573319182961
2008-03-02,9.603256228957433
2008-03-03,8.883067040681905
2008-03-04,8.82699739365456
2008-03-05,10.449282397219847
2008-03-06,10.89901964846193
2008-03-07,9.770647879106399
2008-03-08,10.644768893746887
2008-03-09,10.1443921871965
2008-03-10,9.351578653961752
2008-03-11,10.168828600290523
2008-03-12,11.121622028027062
2008-03-13,9.873452201302346
2008-03-14,11.164184577835016
2008-03-15,7.826463484472806
2008-03-16,10.58900187880989
2008-03-17,10.00976549829355
2008-03-18,9.708995029972147
2008-03-19,10.029105304239716
2008-03-20,8.372557808862505
2008-03-21,9.793210123234175
2008-03-22,10.26038894199737
2008-03-23,11.16218022596792
2008-03-24,9.569828244216946
2008-03-25,9.341640931473354
2008-03-26,9.590432357426728
2008-03-27,10.72697164037797
2008-03-28,10.259871730038876
2008-03-29,9.574691859465737
2008-03-30,10.410150950450467
2008-03-31,10.077643518950813
2008-04-01,10.774749309735787
2008-04-02,9.437450086272833
2008-04-03,9.735629713891852
2008-04-04,9.682147799225058
2008-04-05,8.822505845002645
2008-04-06,10.227106843853056
2008-04-07,10.19535791627874
2008-04-08,9.986318893300878
2008-04-09,9.789685473764564
2008-04-10,8.839599706287329
2008-04-11,9.629336845747678
2008-04-12,9.685055770069564
2008-04-13,9.310199285887442
2008-04-14,9.815207823925316
2008-04-15,10.259116251499758
2008-04-16,11.435889818096722
2008-04-17,10.057097884240065
2008-04-18,10.113402305839104
2008-04-19,9.83716642741141
2008-04-20,8.350505314541607
2008-04-21,9.852551592231489
2008-04-22,9.90963203002878
2008-04-23,11.819175134374417
2008-04-24,9.681278480293889
2008-04-25,10.062447134055322
2008-04-26,9.778942188885175
2008-04-27,8.856736151374191
2008-04-28,10.690372896871002
2008-04-29,10.36157083409649
2008-04-30,10.37623819505308
2008-05-01,8.998774292264033
2008-05-02,10.830879788248534
2008-05-03,8.569017264472302
2008-05-04,10.14133663387749
2008-05-05,11.405072898095803
2008-05-06,8.840647042787282
2008-05-07,9.159921708959672
2008-05-08,9.672086819635345
2008-05-09,9.16851918686447
2008-05-10,8.309237337881175
2008-05-11,9.582627605425907
2008-05-12,8.655490684083134
2008-05-13,9.861317966205338
2008-05-14,8.723575720785933
2008-05-15,10.675301351365956
2008-05-16,8.784564586345367
2008-05-17,9.128913240809414
2008-05-18,10.012360592849769
2008-05-19,8.351436275279903
2008-05-20,9.492280662101473
2008-05-21,10.32982362989907
2008-05-22,7.9715390415426866
2008-05-23,9.378276286752499
2008-05-24,9.411154361848583
2008-05-25,9.801028802006796
2008-05-26,8.157983967106183
2008-05-27,8.062813234352932
2008-05-28,9.508034129574819
2008-05-29,9.299047834910416
2008-05-30,9.232519062308405
2008-05-31,9.279642194489133
2008-06-01,8.428525636954587
2008-06-02,9.128121973076532
2008-06-03,9.146271365655862
2008-06-04,8.309556434279894
2008-06-05,10.342620288854913
2008-06-06,9.197778254360673
2008-06-07,7.834137755550813
2008-06-08,9.280658817314993
2008-06-09,7.943682125277677
2008-06-10,9.320892308335429
2008-06-11,9.585693427654984
2008-06-12,7.969668227190285
2008-06-13,9.36412654194244
2008-06-14,8.89068609194763
2008-06-15,9.184979113451607
2008-06-16,10.011478747085029
2008-06-17,8.264300847658927
2008-06-18,7.8240528993936
2008-06-19,7.681734235886734
2008-06-20,7.706884943478774
2008-06-21,8.26393265834575
2008-06-22,8.564519973693066
2008-06-23,8.478848994369178
2008-06-24,8.885064613472208
2008-06-25,8.199475013136723
2008-06-26,9.31760022019278
2008-06-27,7.90870108814122
2008-06-28,10.262179799280757
2008-06-29,8.552170758666271
2008-06-30,7.331487948644351
2008-07-01,7.126072007773734
2008-07-02,8.334341051740283
2008-07-03,7.735185305730258
2008-07-04,8.45077384054209
2008-07-05,8.22381714119191
2008-07-06,7.7526633702401035
2008-07-07,7.0992470113018875
2008-07-08,6.530625865346147
2008-07-09,7.3511896445066345
2008-07-10,8.359505009581746
2008-07-11,7.811741823853039
2008-07-12,6.6100631974432575
2008-07-13,7.711502909801354
2008-07-14,7.847642563321846
2008-07-15,6.798869690077223
2008-07-16,7.595649099300408
2008-07-17,7.486105624358368
2008-07-18,6.492198123188521
2008-07-19,7.660015806406973
2008-07-20,7.789810656645527
2008-07-21,8.175216369198754
2008-07-22,8.119614180168387
2008-07-23,6.142448575226398
2008-07-24,6.462559414754969
2008-07-25,7.5933162961356855
2008-07-26,7.561028080790659
2008-07-27,7.531000580343848
2008-07-28,10.170371805506859
2008-07-29,7.514393393206806
2008-07-30,7.935907097927099
2008-07-31,7.7607177839030115
2008-08-01,7.488988219012934
2008-08-02,6.686324507963857
2008-08-03,7.516694499313313
2008-08-04,6.262561303549591
2008-08-05,6.663000578799344
2008-08-06,6.436138657151771
2008-08-07,6.862251185059212
2008-08-08,8.621157653412151
2008-08-09,5.248662216734933
2008-08-10,7.264898725826484
2008-08-11,5.399514588630108
2008-08-12,6.286326778941387
2008-08-13,7.509613658619861
2008-08-14,6.664861561502416
2008-08-15,5.7266369574422
2008-08-16,5.992403205240103
2008-08-17,7.084563090974766
2008-08-18,5.933262672929099
2008-08-19,6.667833216601563
2008-08-20,6.5086802463419655
2008-08-21,5.928951639181265
2008-08-22,8.143855561302832
2008-08-23,6.914769490289179
2008-08-24,4.766926038032025
2008-08-25,6.516087348923711
2008-08-26,5.8178624307374704
2008-08-27,7.010095708999707
2008-08-28,5.6754852945477126
2008-08-29,6.199566507326827
2008-08-30,6.677705567084542
2008-08-31,6.949191517917454
2008-09-01,5.279738466408308
2008-09-02,5.956284366068256
2008-09-03,5.828365169601418
2008-09-04,5.670625009291662
2008-09-05,7.591154132036445
2008-09-06,6.488818116649978
2008-09-07,5.142711392145777
2008-09-08,6.872841695567862
2008-09-09,7.823962265019244
2008-09-10,6.940449921660077
2008-09-11,4.887780867212445
2008-09-12,5.705250748446108
2008-09-13,7.096093285374705
2008-09-14,5.506923330376678
2008-09-15,6.419179976468854
2008-09-16,6.675470849485348
2008-09-17,5.306434521472797
2008-09-18,5.99315233185958
2008-09-19,3.4411330239847775
2008-09-20,5.208593587004907
2008-09-21,5.820590298420791
2008-09-22,5.019545326441211
2008-09-23,7.31941534461048
2008-09-24,4.865676275430099
2008-09-25,5.654646607134072
2008-09-26,6.108758140098089
2008-09-27,7.155259200082826
2008-09-28,4.852217717681734
2008-09-29,6.9306976844144925
2008-09-30,6.008204969343289
2008-10-01,5.215256075201857
2008-10-02,6.37118275693125
2008-10-03,6.162376914147647
2008-10-04,5.525176552056653
2008-10-05,6.064003675697657
2008-10-06,5.703313308722688
2008-10-07,6.106369457365134
2008-10-08,6.549839549442131
2008-10-09,7.294114568128309
2008-10-10,5.040799967434337
2008-10-11,7.743813759181795
2008-10-12,4.482633077370685
2008-10-13,5.930371013626692
2008-10-14,6.530525921484648
2008-10-15,6.293313618878316
2008-10-16,5.579580816398923
2008-10-17,5.921032546530368
2008-10-18,5.703486219682627
2008-10-19,5.637315419590345
2008-10-20,6.799969561733029
2008-10-21,6.417937931126188
2008-10-22,5.590588956633083
2008-10-23,6.877737324913332
2008-10-24,6.41758364033062
2008-10-25,6.836262069465896
2008-10-26,6.704441334234403
2008-10-27,5.552841298343245
2008-10-28,5.783720147955696
2008-10-29,6.846051473810123
2008-10-30,6.753383502887578
2008-10-31,6.265750808277075
2008-11-01,6.39422772359197
2008-11-02,7.340895105361784
2008-11-03,5.86440163619972
2008-11-04,6.794724798331201
2008-11-05,6.215167760038163
2008-11-06,6.22313286106887
2008-11-07,7.297130168076197
2008-11-08,7.099741377048871
2008-11-09,7.111978055032635
2008-11-10,7.527771428766338
2008-11-11,6.522858897913097
2008-11-12,7.074728331107999
2008-11-13,6.304498518133411
2008-11-14,6.836019837427203
2008-11-15,6.496968902402559
2008-11-16,6.70349123754684
2008-11-17,7.127238382683639
2008-11-18,6.022154216928664
2008-11-19,8.376650698478405
2008-11-20,5.9243214930198835
2008-11-21,5.784555612888078
2008-11-22,7.709534958569802
2008-11-23,7.443876781248821
2008-11-24,7.337695306734122
2008-11-25,7.369272894829187
2008-11-26,6.885331955387228
2008-11-27,6.206186159734736
2008-11-28,7.01381243182388
2008-11-29,6.4409287430861015
2008-11-30,7.792544686414246
2008-12-01,6.924886414566712
2008-12-02,6.412501700760288
2008-12-03,6.846432643196784
2008-12-04,7.464793978319636
2008-12-05,6.714633152532186
2008-12-06,6.539247705134908
2008-12-07,7.423622956706315
2008-12-08,7.456524171105632
2008-12-09,6.887093215350352
2008-12-10,6.948123556317115
2008-12-11,7.54310062650138
2008-12-12,6.231690077489562
2008-12-13,6.297064114737537
2008-12-14,6.881328307929841
2008-12-15,7.318535688398146
2008-12-16,7.771380520466503
2008-12-17,8.736441947551308
2008-12-18,8.275918698824377
2008-12-19,7.49559575634277
2008-12-20,7.642200745314893
2008-12-21,6.889358866961191
2008-12-22,7.710631946979558
2008-12-23,7.528656999065184
2008-12-24,8.0519714533756
2008-12-25,7.166285647683249
2008-12-26,8.277872357788295
2008-12-27,9.122951795955554
2008-12-28,7.844148657989022
2008-12-29,8.286942665367482
2008-12-30,8.552115193368891
2008-12-31,7.713450334802999
2009-01-01,8.213700697760002
2009-01-02,8.078917143870926
2009-01-03,8.181380213285573
2009-01-04,7.519197026520266
2009-01-05,8.191537736882047
2009-01-06,8.604602027891229
2009-01-07,9.401330976034739
2009-01-08,9.041974205094697
2009-01-09,10.031163607337806
2009-01-10,7.728708238052516
2009-01-11,9.07430992906303
2009-01-12,8.55688260432792
2009-01-13,10.195685372582469
2009-01-14,7.83070690372778
2009-01-15,7.838929116487753
2009-01-16,8.064402198712994
2009-01-17,6.877848286313372
2009-01-18,8.18923843196797
2009-01-19,8.03523319414177
2009-01-20,8.795360828369192
2009-01-21,8.980757024974471
2009-01-22,10.240385757154057
2009-01-23,9.531665883036053
2009-01-24,8.341453053882022
2009-01-25,8.115655468145947
2009-01-26,9.259086522306067
2009-01-27,7.840272117864307
2009-01-28,10.392267554489186
2009-01-29,9.901019776808607
2009-01-30,8.61221057863619
2009-01-31,7.646834264431507
2009-02-01,10.12992911406343
2009-02-02,8.984378466874507
2009-02-03,10.095123675914008
2009-02-04,7.857861385546742
2009-02-05,8.682100528544584
2009-02-06,9.193648333696073
2009-02-07,9.254538215242047
2009-02-08,8.88404111969834
2009-02-09,9.769144547658353
2009-02-10,8.443162778563888
2009-02-11,9.209365648467521
2009-02-12,9.445123743035412
2009-02-13,9.785656601694333
2009-02-14,9.968208556574407
2009-02-15,8.523599571093254
2009-02-16,8.219996740003326
2009-02-17,10.492975503446779
2009-02-18,9.759795384976783
2009-02-19,8.917822387711881
2009-02-20,10.779751234185893
2009-02-21,9.653131409575838
2009-02-22,10.525329060764616
2009-02-23,9.65673696147744
2009-02-24,11.27167645792031
2009-02-25,11.047225780559392
2009-02-26,9.463169933948356
2009-02-27,10.45849357203244
2009-02-28,10.215934942723173
2009-03-01,10.812433162577486
2009-03-02,8.96297394099511
2009-03-03,10.300624578287238
2009-03-04,10.614874609366398
2009-03-05,8.376971103780605
2009-03-06,8.852654929171868
2009-03-07,8.182641883397192
2009-03-08,9.61273050881502
2009-03-09,10.415976380070038
2009-03-10,11.056969008835216
2009-03-11,9.926950281981672
2009-03-12,11.182604552340825
2009-03-13,8.787111608282373
2009-03-14,8.539407081106184
2009-03-15,9.868031494066516
2009-03-16,10.229511926896048
2009-03-17,9.905324076834436
2009-03-18,8.286174163671113
2009-03-19,9.87690487873461
2009-03-20,8.912121082607431
2009-03-21,10.498350979607249
2009-03-22,10.262226230381662
2009-03-23,9.222795055726088
2009-03-24,9.56877145630535
2009-03-25,9.137073601324703
2009-03-26,9.938292535969365
2009-03-27,10.755951848695348
2009-03-28,9.206069109147876
2009-03-29,10.400108054725404
2009-03-30,9.574293927781415
2009-03-31,9.365238738149907
2009-04-01,9.914357191508733
2009-04-02,9.171639459373976
2009-04-03,9.55617311709697
2009-04-04,9.039457117098989
2009-04-05,11.567614428063896
2009-04-06,10.021528645085723
2009-04-07,9.430430215807327
2009-04-08,10.157697627122205
2009-04-09,9.892365688234245
2009-04-10,9.800579500838102
2009-04-11,10.463229659962401
2009-04-12,10.571859271997809
2009-04-13,9.534826465202558
2009-04-14,9.491366508748992
2009-04-15,9.724195035536807
2009-04-16,8.09433863425966
2009-04-17,8.714788247369455
2009-04-18,11.010935047930213
2009-04-19,11.22333616406192
2009-04-20,9.697494328379241
2009-04-21,10.346767857225453
2009-04-22,10.122762816225691
2009-04-23,12.32455250884015
2009-04-24,10.74424137353385
2009-04-25,9.732833178934174
2009-04-26,9.056776907708091
2009-04-27,8.52155454844331
2009-04-28,9.954449490163595
2009-04-29,9.171034049031542
2009-04-30,8.622221440268932
2009-05-01,9.226154330024622
2009-05-02,8.861045853208308
2009-05-03,11.058357647557706
2009-05-04,10.395809920265688
2009-05-05,9.66547284578398
2009-05-06,10.83666370855984
2009-05-07,9.694970749009928
2009-05-08,8.923932531579279
2009-05-09,10.810864989380958
2009-05-10,10.002427745105157
2009-05-11,8.719971159272916
2009-05-12,9.375506283114198
2009-05-13,8.804839052356211
2009-05-14,8.376204236925723
2009-05-15,10.200057146198288
2009-05-16,10.962887139728029
2009-05-17,8.292313161159043
2009-05-18,9.836937843126412
2009-05-19,8.841032763656571
2009-05-20,8.946427421415311
2009-05-21,8.836397575027075
2009-05-22,8.592916810729275
2009-05-23,9.29634293154753
2009-05-24,8.565809106797825
2009-05-25,9.419613587073716
2009-05-26,9.135380017025637
2009-05-27,8.956386098315521
2009-05-28,8.393127595187075
2009-05-29,8.629063812626635
2009-05-30,9.665773076984472
2009-05-31,9.43285853213121
2009-06-01,8.22043943105271
2009-06-02,9.05201125856076
2009-06-03,9.54342871404516
2009-06-04,7.576289162119819
2009-06-05,9.315725722604938
2009-06-06,8.319901672782432
2009-06-07,9.27519085250577
2009-06-08,8.176573228078919
2009-06-09,7.3115102498763145
2009-06-10,7.4213935111530045
2009-06-11,8.729692582670573
2009-06-12,8.866594965826247
2009-06-13,7.9027607817881265
2009-06-14,9.104299605568881
2009-06-15,7.231245300583264
2009-06-16,8.474467146538162
2009-06-17,7.525231401151905
2009-06-18,7.939142454219496
2009-06-19,8.464960767932723
2009-06-20,7.705015087359991
2009-06-21,8.051888736067264
2009-06-22,9.130648273248585
2009-06-23,7.830084898221232
2009-06-24,8.926050044557277
2009-06-25,7.319552530517295
2009-06-26,8.612916841966625
2009-06-27,9.308027854993247
2009-06-28,6.143110954629754
2009-06-29,7.4485282616326804
2009-06-30,8.513294582198698
2009-07-01,7.854777684942983
2009-07-02,8.279702704919671
2009-07-03,7.465174970173079
2009-07-04,7.9832273639692595
2009-07-05,7.755031656954751
2009-07-06,8.77945269086092
2009-07-07,8.014463175006572
2009-07-08,8.046764115416773
2009-07-09,7.413002072196865
2009-07-10,7.318316626902257
2009-07-11,7.328339423867271
2009-07-12,7.956028542451513
2009-07-13,7.269866635756637
2009-07-14,7.804778054637539
2009-07-15,9.199709298455128
2009-07-16,8.202855401783482
2009-07-17,7.211850188809713
2009-07-18,8.400509787332723
2009-07-19,7.080114063035778
2009-07-20,5.743286289986063
2009-07-21,6.5347139868170165
2009-07-22,5.812141837837848
2009-07-23,6.995361751307419
2009-07-24,7.259318772943712
2009-07-25,8.553969296507294
2009-07-26,7.442829981380088
2009-07-27,6.9747188970138
2009-07-28,7.782486896245801
2009-07-29,5.319278365776773
2009-07-30,7.246172631139125
2009-07-31,7.644146740892193
2009-08-01,5.814647376484576
2009-08-02,7.882878452533839
2009-08-03,7.209337029671665
2009-08-04,6.577288791798058
2009-08-05,7.387046968064675
2009-08-06,8.669009750434867
2009-08-07,6.969922499461849
2009-08-08,6.995328342590423
2009-08-09,6.401942080441149
2009-08-10,6.062598875236498
2009-08-11,7.380159226762269
2009-08-12,6.004820224854735
2009-08-13,6.721125261348448
2009-08-14,6.256327223633875
2009-08-15,6.996621406823159
2009-08-16,6.8557624640152035
2009-08-17,7.394678128054396
2009-08-18,6.132871772743227
2009-08-19,6.301656030068111
2009-08-20,5.711655372310138
2009-08-21,6.116788166358025
2009-08-22,6.7520723117018004
2009-08-23,7.034291183158853
2009-08-24,5.66990201309267
2009-08-25,7.082724843442639
2009-08-26,7.45143418415213
2009-08-27,6.678039525131141
2009-08-28,7.82958569120918
2009-08-29,5.690470526011015
2009-08-30,5.295631897851212
2009-08-31,4.850739544776754
2009-09-01,7.453422811772703
2009-09-02,6.763468117136175
2009-09-03,6.179417618012651
2009-09-04,6.4322963195860385
2009-09-05,5.29289715751193
2009-09-06,8.135392323505029
2009-09-07,6.268209693461396
2009-09-08,6.238934391297728
2009-09-09,6.719165437042994
2009-09-10,6.5110446927985075
2009-09-11,6.293584932642465
2009-09-12,5.470897275619407
2009-09-13,6.469812692447905
2009-09-14,7.588183963205434
2009-09-15,7.149394939795685
2009-09-16,7.338673735263389
2009-09-17,5.64679106559693
2009-09-18,5.256295042528399
2009-09-19,5.940143080629301
2009-09-20,6.078726825870992
2009-09-21,6.903456914849098
2009-09-22,4.668673115763464
2009-09-23,7.241412127581582
2009-09-24,5.88707998260198
2009-09-25,5.668284521840669
2009-09-26,5.196998696283526
2009-09-27,4.6802803407766
2009-09-28,6.660777035999464
2009-09-29,6.059561812376009
2009-09-30,4.968197962897682
2009-10-01,4.963955502876727
2009-10-02,5.731835236608116
2009-10-03,7.336717197752147
2009-10-04,5.795456076597987
2009-10-05,4.802835691289204
2009-10-06,5.811567556436886
2009-10-07,5.79338533041396
2009-10-08,3.858046266810878
2009-10-09,5.976699116611044
2009-10-10,5.8405534910450845
2009-10-11,6.588017458346551
2009-10-12,7.516551935413058
2009-10-13,6.945555340626893
2009-10-14,5.836688137211294
2009-10-15,5.17465142930365
2009-10-16,8.127207967290179
2009-10-17,6.125115179466989
2009-10-18,6.098673780346545
2009-10-19,6.07858689772169
2009-10-20,6.267275033759998
2009-10-21,6.004799554577055
2009-10-22,5.6733959368499605
2009-10-23,5.707429479849293
2009-10-24,6.131854808393932
2009-10-25,5.737004206722321
2009-10-26,5.615695748252997
2009-10-27,6.285882442849031
2009-10-28,6.012055533144219
2009-10-29,7.435059370979423
2009-10-30,4.127440742997104
2009-10-31,7.138292772078776
2009-11-01,7.279340237446497
2009-11-02,4.641653631018425
2009-11-03,6.044613113466765
2009-11-04,6.040506054471751
2009-11-05,5.231037537620914
2009-11-06,5.754668531912578
2009-11-07,5.508817147277983
2009-11-08,7.819925041225343
2009-11-09,7.187951012376416
2009-11-10,7.478414422227451
2009-11-11,7.060726034277463
2009-11-12,5.602814407633106
2009-11-13,6.10954974104821
2009-11-14,6.944211572390509
2009-11-15,5.598984508322894
2009-11-16,7.171482090034616
2009-11-17,6.433634147026157
2009-11-18,6.35125611629443
2009-11-19,7.245498738078235
2009-11-20,7.058151527118868
2009-11-21,6.440362465564381
2009-11-22,7.683370345809663
2009-11-23,5.91819559768983
2009-11-24,7.303295111633883
2009-11-25,7.312880459467104
2009-11-26,6.618959335966571
2009-11-27,7.156035791458454
2009-11-28,5.923098795815159
2009-11-29,7.69239040063442
2009-11-30,6.8347364031414
2009-12-01,6.594270483264814
2009-12-02,7.881739700437935
2009-12-03,6.50942450576009
2009-12-04,5.976772279428331
2009-12-05,5.889145476080014
2009-12-06,7.6504207558518775
2009-12-07,6.172680539591027
2009-12-08,8.632508533100278
2009-12-09,5.595007387911676
2009-12-10,8.649812850279286
2009-12-11,7.4937681745738685
2009-12-12,7.280090187118956
2009-12-13,6.954222281240262
2009-12-14,7.7423440257204375
2009-12-15,7.425975922991911
2009-12-16,8.371934915380841
2009-12-17,7.614036586917732
2009-12-18,7.676398383161168
2009-12-19,7.298901230491676
2009-12-20,7.577990081336658
2009-12-21,7.903655126750691
2009-12-22,6.323247644546138
2009-12-23,6.646894118088899
2009-12-24,8.354195185419467
2009-12-25,7.9304889556074825
2009-12-26,7.680883733442964
2009-12-27,7.877142292847672
2009-12-28,8.174826029842828
2009-12-29,7.499349032507019
2009-12-30,7.342929507366479
2009-12-31,8.156676204078147
2010-01-01,7.2517284902196435
2010-01-02,8.395445427817068
2010-01-03,6.741172451056236
2010-01-04,8.960929363465153
2010-01-05,8.550007583405328
2010-01-06,8.41102718234597
2010-01-07,9.026568876955116
2010-01-08,9.606937099796593
2010-01-09,9.120113693343066
2010-01-10,6.8698869032976395
2010-01-11,7.352791846297927
2010-01-12,7.910354137580695
2010-01-13,8.464715866176999
2010-01-14,8.8914727483872
2010-01-15,7.930111539709602
2010-01-16,8.693329726649873
2010-01-17,7.97265851987856
2010-01-18,8.12062820691902
2010-01-19,7.51721044590615
2010-01-20,7.936459202299503
2010-01-21,7.626004559859676
2010-01-22,7.958750483399481
2010-01-23,9.614240249773486
2010-01-24,8.043456867346391
2010-01-25,10.940292857094546
2010-01-26,9.260205505805574
2010-01-27,9.04432758243672
2010-01-28,8.240414317660731
2010-01-29,9.51771558375877
2010-01-30,8.527040839329736
2010-01-31,9.114949739420497
2010-02-01,11.094898845346135
2010-02-02,8.99916242329688
2010-02-03,10.02428928736378
2010-02-04,8.570862372481526
2010-02-05,9.133609754510033
2010-02-06,10.606093882429935
2010-02-07,8.715380094000038
2010-02-08,10.694052343279278
2010-02-09,9.837066150144736
2010-02-10,8.847285701354549
2010-02-11,9.829195427728973
2010-02-12,10.126930797367276
2010-02-13,9.871553504221092
2010-02-14,8.142736878190929
2010-02-15,8.841603503903654
2010-02-16,9.249273168150621
2010-02-17,9.411287302647933
2010-02-18,9.990481853433653
2010-02-19,9.658772417703728
2010-02-20,8.470554166799793
2010-02-21,9.864749982946321
2010-02-22,10.070359909740613
2010-02-23,10.050554534694184
2010-02-24,10.487702698458419
2010-02-25,10.310090830243952
2010-02-26,10.029685316114364
2010-02-27,9.625104242102038
2010-02-28,8.370865436242262
2010-03-01,10.061222491857675
2010-03-02,9.901062859189683
2010-03-03,9.969046480044785
2010-03-04,8.74673615923048
2010-03-05,8.919117460592487
2010-03-06,10.64178402197081
2010-03-07,9.782383502519949
2010-03-08,10.373456534268765
2010-03-09,9.864597276337637
2010-03-10,9.878888278754989
2010-03-11,10.618301502426648
2010-03-12,9.466876333309893
2010-03-13,9.968089396407073
2010-03-14,9.532292801626273
2010-03-15,9.564872671237959
2010-03-16,9.67492186896969
2010-03-17,10.10918689261668
2010-03-18,9.55712894637223
2010-03-19,10.952805810803659
2010-03-20,9.24001084123571
2010-03-21,9.813115625214131
2010-03-22,9.617162786884844
2010-03-23,11.132281192270959
2010-03-24,10.137108811383966
2010-03-25,10.80992005041077
2010-03-26,8.799987515358326
2010-03-27,10.205478204989765
2010-03-28,10.706354582715061
2010-03-29,10.062698033731468
2010-03-30,10.850884322531648
2010-03-31,9.585706243879484
2010-04-01,11.127459431620844
2010-04-02,11.838951816204876
2010-04-03,9.708821713022987
2010-04-04,9.64135741404945
2010-04-05,11.158541903424945
2010-04-06,11.25697552009291
2010-04-07,9.57192260047878
2010-04-08,9.650364244858142
2010-04-09,9.756800440898504
2010-04-10,8.90179477163726
2010-04-11,9.236974742740301
2010-04-12,9.16254049055831
2010-04-13,9.344989331207676
2010-04-14,9.924273191355311
2010-04-15,10.13160817928734
2010-04-16,11.17627596029939
2010-04-17,9.128257864537265
2010-04-18,10.70489355275586
2010-04-19,9.736170917880484
2010-04-20,9.857152192302397
2010-04-21,10.425377880514123
2010-04-22,8.975585075341023
2010-04-23,10.1673756590232
2010-04-24,9.981743210956633
2010-04-25,10.229128263325306
2010-04-26,10.052544175314686
2010-04-27,11.770951716578084
2010-04-28,9.281486594068765
2010-04-29,9.351317081257532
2010-04-30,9.26151198680726
2010-05-01,9.29903094209044
2010-05-02,9.21637455425461
2010-05-03,10.659857564385696
2010-05-04,10.826901513098012
2010-05-05,9.215253923837693
2010-05-06,8.986823938964436
2010-05-07,10.010208548000955
2010-05-08,9.171181457217113
2010-05-09,10.09871118176964
2010-05-10,9.73363812683847
2010-05-11,8.337172790736295
2010-05-12,10.765781386645134
2010-05-13,10.942035793540434
2010-05-14,8.992213069309683
2010-05-15,9.148953860224188
2010-05-16,9.664046139931848
2010-05-17,9.678732652203976
2010-05-18,9.913397871912219
2010-05-19,10.969710449967112
2010-05-20,9.194569946431828
2010-05-21,8.671674918787408
2010-05-22,8.180654044061505
2010-05-23,8.672781597238133
2010-05-24,9.204067621627617
2010-05-25,10.638894417264074
2010-05-26,8.76148146535601
2010-05-27,9.326574897119768
2010-05-28,9.10604020796215
2010-05-29,10.04119549583977
2010-05-30,11.083006037022765
2010-05-31,8.607429763695448
2010-06-01,8.610932072876974
2010-06-02,9.807874115872638
2010-06-03,9.487832207048777
2010-06-04,10.389179247605744
2010-06-05,9.34818011696176
2010-06-06,8.562567007309461
2010-06-07,9.29123578218509
2010-06-08,9.67414341777926
2010-06-09,9.41180167536582
2010-06-10,9.129246686345374
2010-06-11,9.54456437701279
2010-06-12,9.5942534368056
2010-06-13,9.731941274701676
2010-06-14,9.112393548618696
2010-06-15,8.426766886144948
2010-06-16,8.644701934602672
2010-06-17,9.459251534168557
2010-06-18,7.807062803671435
2010-06-19,8.721980477977914
2010-06-20,8.078674729725265
2010-06-21,8.382529029798977
2010-06-22,9.348375515962873
2010-06-23,8.444477648255674
2010-06-24,8.294645593430081
2010-06-25,7.135433101459454
2010-06-26,8.786076352456174
2010-06-27,8.671160303379787
2010-06-28,9.851030333375954
2010-06-29,7.839821878046661
2010-06-30,8.226957142585418
2010-07-01,8.216720940745981
2010-07-02,9.244748630033403
2010-07-03,7.872126693636174
2010-07-04,8.13717275460721
2010-07-05,8.365890653041646
2010-07-06,7.99451434005816
2010-07-07,7.453779608725179
2010-07-08,7.931953980075257
2010-07-09,8.601409044982656
2010-07-10,6.887189366631403
2010-07-11,7.780761713440468
2010-07-12,7.080370176597537
2010-07-13,8.562691523552722
2010-07-14,6.354408645293388
2010-07-15,7.0922511817215055
2010-07-16,7.8077251390897455
2010-07-17,8.725088237931457
2010-07-18,7.386938440743178
2010-07-19,6.962414740098461
2010-07-20,8.87871157368082
2010-07-21,6.182771915217945
2010-07-22,5.549730609362467
2010-07-23,7.628584098583131
2010-07-24,6.842940690109981
2010-07-25,6.395833192982497
2010-07-26,7.74797324020824
2010-07-27,7.3450398910778505
2010-07-28,6.667699526709627
2010-07-29,6.0639430940463654
2010-07-30,7.755646847276388
2010-07-31,7.5476155281495485
2010-08-01,6.918175682084943
2010-08-02,8.445184814806428
2010-08-03,6.082472090615211
2010-08-04,5.689098986178908
2010-08-05,6.327295019274652
2010-08-06,6.815986651106953
2010-08-07,7.0191010548732065
2010-08-08,6.6037630272650905
2010-08-09,7.051075117284782
2010-08-10,5.741242831455976
2010-08-11,7.870902256785481
2010-08-12,6.623966342867774
2010-08-13,7.557708936843436
2010-08-14,6.912633458148131
2010-08-15,6.978840121549073
2010-08-16,7.044646603971408
2010-08-17,6.922813020661929
2010-08-18,7.05506309972106
2010-08-19,7.580878002408753
2010-08-20,6.6518832806971595
2010-08-21,7.039425780489724
2010-08-22,6.378443361836138
2010-08-23,7.58079406220215
2010-08-24,5.866520430787354
2010-08-25,7.827792453686763
2010-08-26,6.334797536592694
2010-08-27,5.202671520857742
2010-08-28,6.4306325730913585
2010-08-29,5.764660559313969
2010-08-30,6.963870499691326
2010-08-31,5.751616560458264
2010-09-01,5.899640616009533
2010-09-02,4.728343007296504
2010-09-03,5.8620402993417535
2010-09-04,4.269217957227017
2010-09-05,4.926166136562053
2010-09-06,6.787122464727005
2010-09-07,6.793472874801879
2010-09-08,6.491784605041785
2010-09-09,5.36497122342067
2010-09-10,6.088068222495553
2010-09-11,6.111595681946705
2010-09-12,5.176585088621622
2010-09-13,7.295356648152829
2010-09-14,6.784454198485944
2010-09-15,5.896287563807971
2010-09-16,6.085633105147496
2010-09-17,6.22246985309992
2010-09-18,4.414591003995831
2010-09-19,5.843030710692543
2010-09-20,5.488559497641797
2010-09-21,5.226807692156407
2010-09-22,5.797764585226555
2010-09-23,7.455921093492709
2010-09-24,6.52616059047878
2010-09-25,5.552846185972368
2010-09-26,6.464748421576587
2010-09-27,7.123650027538018
2010-09-28,6.741947515160148
2010-09-29,6.048611734561424
2010-09-30,5.482617260526066
2010-10-01,6.558597171418492
2010-10-02,6.315251304377618
2010-10-03,6.717654553542819
2010-10-04,6.511266599034447
2010-10-05,6.844992226039157
2010-10-06,5.579973838457187
2010-10-07,7.0654794387195565
2010-10-08,6.1736352649180555
2010-10-09,7.680343707925506
2010-10-10,5.473950860740373
2010-10-11,7.419823409028015
2010-10-12,6.1957156862269
2010-10-13,5.523168914097128
2010-10-14,5.664690422411701
2010-10-15,5.803594309741531
2010-10-16,6.407852881811823
2010-10-17,6.496008822683798
2010-10-18,5.628570343665325
2010-10-19,6.078403293600906
2010-10-20,7.8226235120352055
2010-10-21,7.502322420196778
2010-10-22,6.481384478093376
2010-10-23,6.175319415376167
2010-10-24,6.25408248594134
2010-10-25,6.662558401813666
2010-10-26,5.367738322236003
2010-10-27,5.9948370307568375
2010-10-28,4.881170047978832
2010-10-29,6.551243478197495
2010-10-30,6.765973341473707
2010-10-31,5.8785381207013065
2010-11-01,7.54166149408042
2010-11-02,5.3197532865430714
2010-11-03,5.147263284563188
2010-11-04,6.517220202116362
2010-11-05,7.194725535484895
2010-11-06,7.724064035151573
2010-11-07,6.030170413355494
2010-11-08,7.281053353231481
2010-11-09,6.408601522257881
2010-11-10,6.323068506279468
2010-11-11,7.1903163330322135
2010-11-12,7.027914127337625
2010-11-13,5.2680522284846285
2010-11-14,7.733944203188892
2010-11-15,7.680759838754411
2010-11-16,6.100633184689082
2010-11-17,6.9425372923025925
2010-11-18,7.046336911360299
2010-11-19,6.885269776174567
2010-11-20,6.2624967548537
2010-11-21,6.191836703869204
2010-11-22,6.735463246325108
2010-11-23,7.721229475177239
2010-11-24,7.245426749754018
2010-11-25,6.541907987423513
2010-11-26,7.483955455936439
2010-11-27,4.616295277160699
2010-11-28,7.843002217221084
2010-11-29,5.56139776224642
2010-11-30,6.692705359173285
2010-12-01,6.11671298397913
2010-12-02,6.006787139191699
2010-12-03,8.001560888097114
2010-12-04,6.729380355469665
2010-12-05,7.411651920283709
2010-12-06,7.128076331672019
2010-12-07,7.5786566833665505
2010-12-08,7.29013070036099
2010-12-09,6.234157134867798
2010-12-10,8.089661211204968
2010-12-11,6.929948934282724
2010-12-12,6.112195157687469
2010-12-13,7.047665421914691
2010-12-14,8.62364296674623
2010-12-15,8.136261078622583
2010-12-16,7.2103717022413365
2010-12-17,7.243248304533357
2010-12-18,7.29884893301776
2010-12-19,9.251189387111435
2010-12-20,7.929094942098755
2010-12-21,8.001447029389901
2010-12-22,8.515609121896912
2010-12-23,7.9164737829946805
2010-12-24,7.552350193544733
2010-12-25,7.636716725837147
2010-12-26,7.770789394993856
2010-12-27,7.832617357187485
2010-12-28,8.478864300463076
2010-12-29,7.972713485400348
2010-12-30,8.551685349460792
2010-12-31,7.935426735913136
2011-01-01,8.09733486456454
2011-01-02,6.470282675619805
2011-01-03,8.836301474208494
2011-01-04,8.414795634323033
2011-01-05,8.970337685362615
2011-01-06,5.889199092339918
2011-01-07,9.911115853623286
2011-01-08,8.16288584170239
2011-01-09,9.195163894718576
2011-01-10,7.510661546662531
2011-01-11,8.866672543736543
2011-01-12,7.567476549198313
2011-01-13,7.944827857451687
2011-01-14,10.00857061510533
2011-01-15,8.358160669621697
2011-01-16,8.71786261361199
2011-01-17,9.273019050312222
2011-01-18,9.006387959690663
2011-01-19,8.76287444749959
2011-01-20,8.967014601161207
2011-01-21,10.630084712543363
2011-01-22,8.693354048154479
2011-01-23,8.932206049859188
2011-01-24,9.643499495218034
2011-01-25,9.718807951591021
2011-01-26,9.815175429549166
2011-01-27,9.407442861104169
2011-01-28,8.012696611621315
2011-01-29,10.264212906072455
2011-01-30,8.070474785905004
2011-01-31,9.259450259895436
2011-02-01,8.443410534715614
2011-02-02,9.024699665802206
2011-02-03,9.367880554578024
2011-02-04,9.390489284942454
2011-02-05,9.49913715029583
2011-02-06,10.480422389168444
2011-02-07,9.579781181441437
2011-02-08,9.048768188649216
2011-02-09,10.04213433641104
2011-02-10,10.248835513209675
2011-02-11,8.341182984374962
2011-02-12,9.826807293545778
2011-02-13,9.935043728296053
2011-02-14,9.1608658514153
2011-02-15,10.523878695212844
2011-02-16,9.327243606965803
2011-02-17,9.571295208705205
2011-02-18,9.355486715966014
2011-02-19,9.529074855022298
2011-02-20,8.661809584251714
2011-02-21,8.408550996066115
2011-02-22,10.857495364093534
2011-02-23,8.925153097694691
2011-02-24,8.829964238449675
2011-02-25,7.920241015721857
2011-02-26,9.151171854580014
2011-02-27,8.622764976542957
2011-02-28,11.013246311164151
2011-03-01,10.525381588025715
2011-03-02,9.184392433317015
2011-03-03,11.553732054563932
2011-03-04,10.553547409480004
2011-03-05,9.5240975861122
2011-03-06,7.799737167405629
2011-03-07,11.646781683677865
2011-03-08,8.71659800295979
2011-03-09,8.525623577867755
2011-03-10,10.673139712766105
2011-03-11,11.81947638271727
2011-03-12,10.987130370692206
2011-03-13,10.342320070896173
2011-03-14,10.377916505922537
2011-03-15,10.595202100208057
2011-03-16,10.529402439574014
2011-03-17,10.156433014485211
2011-03-18,10.023488726864514
2011-03-19,9.898126408025224
2011-03-20,9.352525011917972
2011-03-21,9.738072879049799
2011-03-22,8.614582182147876
2011-03-23,9.896027183352173
2011-03-24,9.188992104453972
2011-03-25,9.101572965063246
2011-03-26,10.132351134710687
2011-03-27,11.105439821370037
2011-03-28,10.729303231018163
2011-03-29,8.740470359412587
2011-03-30,9.206797513223098
2011-03-31,10.752153954350355
2011-04-01,9.213991564641733
2011-04-02,9.820126797311856
2011-04-03,10.439134240594356
2011-04-04,9.22308386727916
2011-04-05,10.080134726647552
2011-04-06,8.926097407573776
2011-04-07,9.509116507040424
2011-04-08,10.242339245848859
2011-04-09,8.707833141161574
2011-04-10,10.329734970833
2011-04-11,9.956186060786315
2011-04-12,10.407845067493684
2011-04-13,10.13835869054271
2011-04-14,11.043333445243812
2011-04-15,10.044415995376449
2011-04-16,9.592351133147925
2011-04-17,10.024779099554125
2011-04-18,10.352074057203703
2011-04-19,9.946450049521456
2011-04-20,9.929196512987449
2011-04-21,9.323928936535436
2011-04-22,9.343441958550104
2011-04-23,8.739363644636205
2011-04-24,11.24824283893574
2011-04-25,8.840076663805759
2011-04-26,9.266885101951706
2011-04-27,9.231985792194012
2011-04-28,10.50761808302537
2011-04-29,9.540154902625364
2011-04-30,10.758218066086059
2011-05-01,9.204620138023548
2011-05-02,9.949479585878866
2011-05-03,9.040366696891848
2011-05-04,11.406617416924838
2011-05-05,8.721772223613664
2011-05-06,9.90056496562944
2011-05-07,10.140097607637511
2011-05-08,9.943999170603089
2011-05-09,9.444135600463065
2011-05-10,9.467443150370688
2011-05-11,9.584817260317369
2011-05-12,9.410175624278294
2011-05-13,10.276436948499946
2011-05-14,11.250862422970274
2011-05-15,9.013121680166709
2011-05-16,8.339511443688663
2011-05-17,9.340541581533351
2011-05-18,11.45032992389741
2011-05-19,8.718607164578248
2011-05-20,10.647421172782321
2011-05-21,10.652473365679324
2011-05-22,8.841238833106733
2011-05-23,9.712712092539888
2011-05-24,10.533286498429486
2011-05-25,8.899945933659854
2011-05-26,9.012706216503057
2011-05-27,8.682199804649734
2011-05-28,8.307373140266058
2011-05-29,8.571058841028496
2011-05-30,8.082307882914062
2011-05-31,9.059391556639085
2011-06-01,8.386505042044638
2011-06-02,9.159574143649978
2011-06-03,7.697602498384826
2011-06-04,9.176517572788482
2011-06-05,9.54786073798813
2011-06-06,7.255012165881944
2011-06-07,9.1179571735093
2011-06-08,9.769315747291566
2011-06-09,7.787703115454965
2011-06-10,10.061485370929697
2011-06-11,9.026439832834305
2011-06-12,8.094807479842334
2011-06-13,8.581598819745489
2011-06-14,9.04008716856436
2011-06-15,8.621265663528362
2011-06-16,8.95833577941311
2011-06-17,7.757505486498378
2011-06-18,8.596099999690086
2011-06-19,7.296070233355607
2011-06-20,8.304364930508193
2011-06-21,7.636407058279293
2011-06-22,7.7371900718052204
2011-06-23,9.2804729340081
2011-06-24,9.130544451380578
2011-06-25,8.710628510969132
2011-06-26,7.315223287896335
2011-06-27,7.901646198711085
2011-06-28,9.090904714714933
2011-06-29,8.199417996920985
2011-06-30,9.907100512439621
2011-07-01,8.331868265292874
2011-07-02,8.136425299414649
2011-07-03,7.701069948183735
2011-07-04,8.020788257816765
2011-07-05,7.757597576163979
2011-07-06,8.411713982883946
2011-07-07,8.576288353801269
2011-07-08,7.1478904173502515
2011-07-09,6.677517282248616
2011-07-10,6.239437307677614
2011-07-11,8.080779035653002
2011-07-12,6.757773543609777
2011-07-13,5.884341746050861
2011-07-14,7.88382105274518
2011-07-15,9.533788273485008
2011-07-16,7.501098909806214
2011-07-17,8.143461634105298
2011-07-18,7.50500213643962
2011-07-19,7.327462638900105
2011-07-20,8.109047104518561
2011-07-21,7.108963400200019
2011-07-22,7.522689225916055
2011-07-23,7.533930783497277
2011-07-24,6.7101117066776315
2011-07-25,8.006453326316286
2011-07-26,7.041320277012431
2011-07-27,6.545403192466616
2011-07-28,7.548170306155333
2011-07-29,6.369412227550251
2011-07-30,7.080225910547575
2011-07-31,7.020159388467256
2011-08-01,7.866232825773712
2011-08-02,7.347633804272258
2011-08-03,6.918518336680019
2011-08-04,7.563732162278928
2011-08-05,7.992987514393499
2011-08-06,7.298703709272841
2011-08-07,6.832711591289757
2011-08-08,5.747282887670027
2011-08-09,5.917339869613047
2011-08-10,6.498294607324597
2011-08-11,6.228280811799446
2011-08-12,6.540110243193473
2011-08-13,6.7091922114906195
2011-08-14,7.062207384531352
2011-08-15,6.557038523778773
2011-08-16,6.978034094846606
2011-08-17,6.616225704496173
2011-08-18,4.960511638743927
2011-08-19,5.766087663247805
2011-08-20,6.379396300358691
2011-08-21,5.504466980146028
2011-08-22,6.930174901262882
2011-08-23,7.65330095571753
2011-08-24,7.382643753792623
2011-08-25,6.216285810613944
2011-08-26,7.559504806588131
2011-08-27,6.46622556831387
2011-08-28,6.058480264268296
2011-08-29,5.818779754461121
2011-08-30,6.049379911309844
2011-08-31,5.963174289067194
2011-09-01,6.392920340481747
2011-09-02,6.36843477689282
2011-09-03,6.226322170863746
2011-09-04,6.557871954327263
2011-09-05,7.145805415179704
2011-09-06,6.938434048164627
2011-09-07,4.976914373121291
2011-09-08,4.10828164769225
2011-09-09,6.88600806691546
2011-09-10,5.0327343486768
2011-09-11,5.934665391705012
2011-09-12,5.167186419128169
2011-09-13,4.651053656675093
2011-09-14,6.515734548589237
2011-09-15,6.68038303111382
2011-09-16,5.602916113370496
2011-09-17,3.98292977302595
2011-09-18,5.610983340133277
2011-09-19,6.354215821031057
2011-09-20,4.851017641020732
2011-09-21,6.174791635895664
2011-09-22,6.010396940196923
2011-09-23,6.481205071693962
2011-09-24,6.109150596196494
2011-09-25,5.231334225093361
2011-09-26,6.963939397823253
2011-09-27,5.87734201984764
2011-09-28,5.980396937221988
2011-09-29,5.254293071366728
2011-09-30,5.6455408817373165
2011-10-01,5.292176349306099
2011-10-02,5.862106148101479
2011-10-03,7.370866761634508
2011-10-04,4.905608243343786
2011-10-05,4.714500935482295
2011-10-06,7.185098269700529
2011-10-07,5.844105244490604
2011-10-08,5.480297390236203
2011-10-09,6.852058759742155
2011-10-10,5.540808683422536
2011-10-11,7.491860137333365
2011-10-12,6.579727756528197
2011-10-13,5.653974190472124
2011-10-14,7.777645660267561
2011-10-15,5.575300217894315
2011-10-16,6.662196422297735
2011-10-17,6.317174496580591
2011-10-18,7.128923378335227
2011-10-19,7.347095924791175
2011-10-20,6.134410544398327
2011-10-21,5.517553587839262
2011-10-22,6.500303256705443
2011-10-23,5.602744337039922
2011-10-24,7.768767222588029
2011-10-25,6.280972288495523
2011-10-26,5.893715133345041
2011-10-27,6.34848250538744
2011-10-28,5.138336275457146
2011-10-29,5.454573749304751
2011-10-30,7.208547716067054
2011-10-31,5.739571867363689
2011-11-01,5.444943297302841
2011-11-02,6.729688018966773
2011-11-03,7.267326512461441
2011-11-04,6.912821395800438
2011-11-05,7.153885042039824
2011-11-06,5.771485811129709
2011-11-07,5.259829290257171
2011-11-08,7.619175608050834
2011-11-09,6.181264426784739
2011-11-10,6.260503933068086
2011-11-11,7.545943696522122
2011-11-12,6.951039832127417
2011-11-13,6.893876171737315
2011-11-14,8.284713799329042
2011-11-15,6.061872171132335
2011-11-16,7.343355448361696
2011-11-17,6.671504965470333
2011-11-18,6.8659865854247135
2011-11-19,7.899505504645467
2011-11-20,7.109009482961736
2011-11-21,7.159772261459351
2011-11-22,7.613912372966106
2011-11-23,6.491084076135439
2011-11-24,6.139178892207267
2011-11-25,6.00255209787557
2011-11-26,5.293511215916962
2011-11-27,8.540095077617018
2011-11-28,6.041422964346055
2011-11-29,6.776165886400282
2011-11-30,6.761207472384655
2011-12-01,7.258374257927326
2011-12-02,7.695122089799861
2011-12-03,7.7612782488820935
2011-12-04,6.637079365664028
2011-12-05,7.000751443870008
2011-12-06,7.391676755166006
2011-12-07,6.998071120641216
2011-12-08,8.51454964832878
2011-12-09,7.653330875529255
2011-12-10,7.88054998448711
2011-12-11,7.855259215745703
2011-12-12,8.29623976260353
2011-12-13,7.534974797650387
2011-12-14,6.385569575874103
2011-12-15,7.775834046333903
2011-12-16,6.968207894734161
2011-12-17,7.099761122588294
2011-12-18,8.025248188995741
2011-12-19,8.58041745740967
2011-12-20,7.640563841702361
2011-12-21,7.904480121716215
2011-12-22,9.05315431437963
2011-12-23,7.918044999364325
2011-12-24,9.840930401545611
2011-12-25,8.246204321610364
2011-12-26,6.419460195200452
2011-12-27,8.465068443278984
2011-12-28,8.201687373459714
2011-12-29,8.962958980020705
2011-12-30,8.504118368704296
2011-12-31,7.889235212812983
2012-01-01,7.054988123280176
2012-01-02,7.901624617416671
2012-01-03,7.422822971079068
2012-01-04,7.673186093760861
2012-01-05,8.642792321011381
2012-01-06,9.542126998375995
2012-01-07,8.55615331365709
2012-01-08,7.317851094598383
2012-01-09,8.664299775904674
2012-01-10,9.299891477679477
2012-01-11,7.888627096230982
2012-01-12,8.302995266398904
2012-01-13,8.455593581791689
2012-01-14,7.849426881546108
2012-01-15,9.029330937307462
2012-01-16,8.447157796181985
2012-01-17,8.91259082088684
2012-01-18,7.899848707070898
2012-01-19,8.292572683126
2012-01-20,9.252950885450442
2012-01-21,8.409085722679329
2012-01-22,10.121020166768071
2012-01-23,8.451617863995532
2012-01-24,8.982723759013455
2012-01-25,9.580459870723105
2012-01-26,7.730858598754438
2012-01-27,7.4878116338962
2012-01-28,7.706575490149626
2012-01-29,9.967534962973323
2012-01-30,8.546064583605997
2012-01-31,11.06390131623881
2012-02-01,8.59543313580519
2012-02-02,9.22365138563423
2012-02-03,10.33855858838954
2012-02-04,10.738277823109534
2012-02-05,10.81080340821672
2012-02-06,10.156146358396041
2012-02-07,10.036203760879422
2012-02-08,9.71811505624268
2012-02-09,9.893553462713665
2012-02-10,8.856310549007137
2012-02-11,8.66871012974671
2012-02-12,9.34618767173713
2012-02-13,9.237957836427391
2012-02-14,9.036334214641474
2012-02-15,9.98042320252892
2012-02-16,10.211532243448234
2012-02-17,9.541559554961449
2012-02-18,10.67596824023732
2012-02-19,8.603260325650322
2012-02-20,9.3839020863441
2012-02-21,8.987133845659306
2012-02-22,8.088662019855107
2012-02-23,9.536577627675193
2012-02-24,9.525680111308095
2012-02-25,10.853712901198534
2012-02-26,10.166990600375437
2012-02-27,8.861887351805592
2012-02-28,11.182908236122406
2012-02-29,10.69435487297189
2012-03-01,10.200590872234086
2012-03-02,9.57059613120862
2012-03-03,9.000583630507943
2012-03-04,9.486197272062254
2012-03-05,10.670260635067836
2012-03-06,11.32169667035296
2012-03-07,11.062850798988418
2012-03-08,9.450863038004249
2012-03-09,8.959389420527184
2012-03-10,9.980383455174815
2012-03-11,8.464960623433509
2012-03-12,10.149726946202112
2012-03-13,9.784030963551372
2012-03-14,9.539640451689216
2012-03-15,8.646497113931165
2012-03-16,10.342359960565483
2012-03-17,9.513967171973485
2012-03-18,9.012267441776611
2012-03-19,7.657886912385994
2012-03-20,9.94060101650271
2012-03-21,11.38674891083998
2012-03-22,11.303706256426269
2012-03-23,9.614187984905689
2012-03-24,9.50267477054644
2012-03-25,10.363455218647923
2012-03-26,9.193129640943724
2012-03-27,10.236083466071884
2012-03-28,10.609735065018882
2012-03-29,10.980046601586814
2012-03-30,9.91941374277582
2012-03-31,9.837042479330808
2012-04-01,9.297447247904227
2012-04-02,9.337588278142826
2012-04-03,9.816576317648845
2012-04-04,10.289726727183726
2012-04-05,10.72418550449494
2012-04-06,9.34766746165712
2012-04-07,11.180664553702446
2012-04-08,9.765329247152854
2012-04-09,9.960261344985932
2012-04-10,9.374126956609402
2012-04-11,8.02646089574161
2012-04-12,10.66646370037982
2012-04-13,10.541496218938684
2012-04-14,9.719174347563552
2012-04-15,9.989468139828027
2012-04-16,10.339692471291578
2012-04-17,8.667398948465358
2012-04-18,9.484119851383856
2012-04-19,10.532134903721806
2012-04-20,8.88209074824544
2012-04-21,10.108609038324165
2012-04-22,8.776182418377235
2012-04-23,10.22172543033301
2012-04-24,9.8066540662808
2012-04-25,8.529103807464026
2012-04-26,10.738503088215106
2012-04-27,9.204005320031378
2012-04-28,9.127912695647481
2012-04-29,9.920479765731825
2012-04-30,10.662322516961616
2012-05-01,8.913626800917106
2012-05-02,9.757988219378031
2012-05-03,10.033551314970586
2012-05-04,10.22633544464779
2012-05-05,9.793861641669599
2012-05-06,9.339453831625175
2012-05-07,8.950887716122914
2012-05-08,9.661280834002332
2012-05-09,8.713588500568944
2012-05-10,7.212687695938396
2012-05-11,9.87702506890722
2012-05-12,10.228481527932974
2012-05-13,7.592098073263722
2012-05-14,8.651330544405026
2012-05-15,9.930677236156082
2012-05-16,11.057163595983715
2012-05-17,9.403197419914282
2012-05-18,8.779144465970724
2012-05-19,9.189810575543195
2012-05-20,10.410213849736719
2012-05-21,8.767338083173499
2012-05-22,8.618172023871466
2012-05-23,8.84437438218103
2012-05-24,8.440585239842875
2012-05-25,9.273706757380783
2012-05-26,10.447287302584296
2012-05-27,9.377641943313176
2012-05-28,8.888598075380271
2012-05-29,8.82801108119143
2012-05-30,7.781572135074379
2012-05-31,9.70897144860928
2012-06-01,8.910275656607139
2012-06-02,8.797935084475228
2012-06-03,11.466299441292806
2012-06-04,9.120039895393539
2012-06-05,8.248567839862961
2012-06-06,8.477625840666807
2012-06-07,9.705937120670336
2012-06-08,8.846032258838141
2012-06-09,7.572805078805641
2012-06-10,9.426607773001631
2012-06-11,8.124301696017866
2012-06-12,10.12485230284569
2012-06-13,9.457464091118702
2012-06-14,8.20260383387143
2012-06-15,9.552144074844104
2012-06-16,8.548328769383794
2012-06-17,9.142830280559
2012-06-18,8.814828084715172
2012-06-19,7.716260455594453
2012-06-20,7.844693305597155
2012-06-21,9.149582679941963
2012-06-22,8.023778128154518
2012-06-23,7.934577584311565
2012-06-24,7.459219950763907
2012-06-25,8.527952752109167
2012-06-26,9.804792893861443
2012-06-27,7.266400223328167
2012-06-28,8.105420031347268
2012-06-29,9.18141332478661
2012-06-30,7.953500880780805
2012-07-01,8.344683443222412
2012-07-02,7.098448297028232
2012-07-03,8.256601211757058
2012-07-04,7.729858033264776
2012-07-05,8.633811038076963
2012-07-06,8.760835341617403
2012-07-07,9.848332899371503
2012-07-08,8.2062101836657
2012-07-09,7.969038659425984
2012-07-10,7.829893415384836
2012-07-11,7.357933794300325
2012-07-12,7.877441295182201
2012-07-13,7.336637041009185
2012-07-14,7.674157440554468
2012-07-15,8.560033667524497
2012-07-16,6.667434962320272
2012-07-17,8.351441498504805
2012-07-18,8.460266415324911
2012-07-19,7.279331096535484
2012-07-20,5.643699116344064
2012-07-21,6.822517784982987
2012-07-22,8.314168175789353
2012-07-23,7.226289619752965
2012-07-24,6.413377660851139
2012-07-25,6.777468145386184
2012-07-26,7.822495341264534
2012-07-27,7.556349285860113
2012-07-28,6.897040933647326
2012-07-29,6.764221455200522
2012-07-30,6.714048066547562
2012-07-31,6.259588225509647
2012-08-01,8.26017576954385
2012-08-02,6.680683528307061
2012-08-03,7.883245939579096
2012-08-04,8.09787431671761
2012-08-05,7.6511041827097195
2012-08-06,6.4791332452406145
2012-08-07,7.119735945819442
2012-08-08,6.750074314960611
2012-08-09,6.0195128822242285
2012-08-10,6.975377998904156
2012-08-11,5.746455452653987
2012-08-12,7.614015782342184
2012-08-13,6.266759343207253
2012-08-14,6.774365270924317
2012-08-15,6.815463077022558
2012-08-16,6.357522193684815
2012-08-17,7.010239933007244
2012-08-18,6.137633053004789
2012-08-19,7.191704182901779
2012-08-20,5.395439030221516
2012-08-21,6.551335580903048
2012-08-22,7.979843489089199
2012-08-23,5.60736921275031
2012-08-24,5.844844130938229
2012-08-25,6.7780501768353005
2012-08-26,6.4909570281038595
2012-08-27,6.608653120581574
2012-08-28,6.700851589412004
2012-08-29,6.799132835349762
2012-08-30,7.161475617465156
2012-08-31,6.584442288124166
2012-09-01,6.046969468358094
2012-09-02,6.761944315703199
2012-09-03,7.728226966446355
2012-09-04,6.087181398244573
2012-09-05,5.3991672960750545
2012-09-06,7.050497283310792
2012-09-07,6.055113624450935
2012-09-08,4.400416501112812
2012-09-09,6.804174649129474
2012-09-10,5.686215164456021
2012-09-11,6.030850214132328
2012-09-12,6.358222271194321
2012-09-13,6.23496410984866
2012-09-14,6.640620356582934
2012-09-15,5.715735337495997
2012-09-16,6.466248245282744
2012-09-17,5.84034155666813
2012-09-18,6.631821001419023
2012-09-19,6.526440883250478
2012-09-20,5.279752738436663
2012-09-21,6.891430512475345
2012-09-22,5.589001115921852
2012-09-23,6.659932540090088
2012-09-24,6.303619228519678
2012-09-25,7.477229137927758
2012-09-26,5.825392892371734
2012-09-27,5.722787131935375
2012-09-28,5.985371753915099
2012-09-29,5.7576228564231045
2012-09-30,6.63997204208126
2012-10-01,4.707414509290947
2012-10-02,5.15855404220355
2012-10-03,5.148886820425517
2012-10-04,6.765596127362549
2012-10-05,7.376652705771182
2012-10-06,5.928004811382119
2012-10-07,5.880498202612127
2012-10-08,6.076176740315839
2012-10-09,6.9548037572985795
2012-10-10,5.289169859143357
2012-10-11,6.228082245644609
2012-10-12,6.82446142081463
2012-10-13,6.452674425607035
2012-10-14,6.211537449575981
2012-10-15,6.869356998744003
2012-10-16,3.915154597856008
2012-10-17,6.629830602440914
2012-10-18,5.574626420907753
2012-10-19,4.644300907660549
2012-10-20,6.529249963736193
2012-10-21,7.231252378484516
2012-10-22,6.034957821139454
2012-10-23,6.9203570623290815
2012-10-24,7.461566630020249
2012-10-25,7.237903937261966
2012-10-26,7.512709884192628
2012-10-27,6.809739299938417
2012-10-28,6.292211891234547
2012-10-29,4.966643940193778
2012-10-30,6.068237300036847
2012-10-31,5.60787480719544
2012-11-01,8.037119990943197
2012-11-02,6.178054538785174
2012-11-03,6.436222592695973
2012-11-04,6.798235194227544
2012-11-05,6.411803839083241
2012-11-06,7.7533186559952485
2012-11-07,5.919989197098883
2012-11-08,6.595094262048241
2012-11-09,5.867193877673685
2012-11-10,5.42737037406631
2012-11-11,6.016640551882661
2012-11-12,6.499536516433299
2012-11-13,6.209270143794368
2012-11-14,6.022749971537365
2012-11-15,5.476029374959239
2012-11-16,6.55941000744971
2012-11-17,5.447336463109306
2012-11-18,7.284775534467125
2012-11-19,6.768692680277639
2012-11-20,5.5630941986477005
2012-11-21,6.508539241478373
2012-11-22,6.181321135297281
2012-11-23,7.065886234413816
2012-11-24,7.910759809910913
2012-11-25,5.366458511701167
2012-11-26,6.987150236982693
2012-11-27,6.795883420470089
2012-11-28,7.490240846429272
2012-11-29,7.153215414885943
2012-11-30,6.41087343428899
2012-12-01,6.7872891712351295
2012-12-02,6.436078772751506
2012-12-03,7.964347027398057
2012-12-04,7.15149813383669
2012-12-05,8.686565343377772
2012-12-06,7.148495370536357
2012-12-07,6.661947773984415
2012-12-08,6.049579400128392
2012-12-09,5.8501360146425
2012-12-10,6.057645446407381
2012-12-11,7.571161997424457
2012-12-12,7.797137569271368
2012-12-13,6.158082572613074
2012-12-14,8.172114336192681
2012-12-15,7.102844568420872
2012-12-16,7.64008887757654
2012-12-17,8.845933476596006
2012-12-18,8.307262452955186
2012-12-19,7.408722061988846
2012-12-20,6.944459931304815
2012-12-21,5.969930037607995
2012-12-22,7.150119800379533
2012-12-23,7.590679719139139
2012-12-24,7.004052983384182
2012-12-25,7.723064828851263
2012-12-26,7.923876652762373
2012-12-27,7.716875880107029
2012-12-28,7.41115471209574
2012-12-29,8.100497025261712
2012-12-30,8.35355251965553
2012-12-31,7.16210745035739
2013-01-01,9.163172616108685
2013-01-02,7.989972717418081
2013-01-03,8.118319032802386
2013-01-04,8.704176392209884
2013-01-05,8.358502502485694
2013-01-06,8.968712702025465
2013-01-07,8.470115421960164
2013-01-08,7.78460764451418
2013-01-09,8.597820461493443
2013-01-10,7.427605322506426
2013-01-11,8.463301184307706
2013-01-12,8.383625007221669
2013-01-13,8.277349540190299
2013-01-14,8.374515522860756
2013-01-15,7.005227353834263
2013-01-16,8.104936388875442
2013-01-17,8.651240786674109
2013-01-18,8.737727562910498
2013-01-19,7.820399210643961
2013-01-20,9.687612071879986
2013-01-21,8.014412365781142
2013-01-22,9.515014846202737
2013-01-23,9.113082301984562
2013-01-24,8.285994130536903
2013-01-25,10.254635919312243
2013-01-26,7.910641719695678
2013-01-27,9.631782022368823
2013-01-28,9.727566396240084
2013-01-29,8.420971512970262
2013-01-30,10.101523340371418
2013-01-31,8.817304676025046
2013-02-01,9.277786118154985
2013-02-02,9.284267814093576
2013-02-03,8.997423633158801
2013-02-04,9.782050131110061
2013-02-05,9.796391523349373
2013-02-06,7.790627795330982
2013-02-07,10.260425934532774
2013-02-08,7.914099906453195
2013-02-09,10.096901565253681
2013-02-10,10.19862323153203
2013-02-11,8.450496092312397
2013-02-12,9.020235807302225
2013-02-13,8.489541799658586
2013-02-14,9.226979829872306
2013-02-15,9.176885817214956
2013-02-16,10.071016502407296
2013-02-17,10.519081042823657
2013-02-18,10.610491224025075
2013-02-19,9.066877195694483
2013-02-20,9.371452154772253
2013-02-21,8.213841148364791
2013-02-22,8.937195260316605
2013-02-23,10.374603482827318
2013-02-24,10.915544376853306
2013-02-25,8.65547400910089
2013-02-26,9.1883698454093
2013-02-27,9.660112205701815
2013-02-28,9.923763110110741
2013-03-01,9.06984510061429
2013-03-02,10.074161545030465
2013-03-03,9.372711932631752
2013-03-04,9.756573203184104
2013-03-05,10.220990091322056
2013-03-06,9.804399555153237
2013-03-07,9.464918913184016
2013-03-08,9.740568133230003
2013-03-09,9.771252208069
2013-03-10,9.559074543252692
2013-03-11,9.66063760751217
2013-03-12,11.158629852287564
2013-03-13,10.339928333207277
2013-03-14,9.66572877816698
2013-03-15,10.470033176792398
2013-03-16,9.655203975939793
2013-03-17,10.869979585379024
2013-03-18,10.235841597461489
2013-03-19,9.862359195141458
2013-03-20,10.313870223659535
2013-03-21,8.70591201888842
2013-03-22,9.06753365837634
2013-03-23,9.019558879668729
2013-03-24,10.094219465985672
2013-03-25,11.370456418423938
2013-03-26,11.77347593074201
2013-03-27,10.502278873446963
2013-03-28,10.395325526171877
2013-03-29,8.556024654988938
2013-03-30,9.56436098269215
2013-03-31,9.36931000243319
2013-04-01,9.503303400871488
2013-04-02,9.865318262441644
2013-04-03,9.621420099217012
2013-04-04,8.414319582869437
2013-04-05,10.594162526624812
2013-04-06,9.135123382916495
2013-04-07,10.181608113490315
2013-04-08,11.645779834334807
2013-04-09,9.24672045471777
2013-04-10,7.953125162267616
2013-04-11,9.743092922423571
2013-04-12,10.846620811958822
2013-04-13,11.525905346667455
2013-04-14,8.968381425702804
2013-04-15,10.34159577184734
2013-04-16,9.563627200624087
2013-04-17,9.84218241368499
2013-04-18,12.032910311588221
2013-04-19,8.70498573054477
2013-04-20,10.099714889220003
2013-04-21,10.259676824193187
2013-04-22,10.74239175254234
2013-04-23,9.939834384852675
2013-04-24,10.09502187598947
2013-04-25,9.521848398181353
2013-04-26,10.036510813184519
2013-04-27,9.53215778425144
2013-04-28,10.288936093354659
2013-04-29,9.480426376424079
2013-04-30,10.06170472306882
2013-05-01,9.72000238647066
2013-05-02,10.627124456717558
2013-05-03,9.667529360628865
2013-05-04,8.272072140140622
2013-05-05,10.681388159408467
2013-05-06,8.928122556757724
2013-05-07,9.110063031972777
2013-05-08,9.136430857407095
2013-05-09,10.691916202101886
2013-05-10,7.862760338974473
2013-05-11,12.059966909662077
2013-05-12,10.372622672833927
2013-05-13,9.683924786367346
2013-05-14,9.438528821204164
2013-05-15,9.6875583680591
2013-05-16,9.852251770055396
2013-05-17,9.927339688974401
2013-05-18,9.831046026576713
2013-05-19,9.43321136395823
2013-05-20,9.178256992181206
2013-05-21,9.18929408749536
2013-05-22,9.128182802190983
2013-05-23,10.16454170668532
2013-05-24,9.705414577751345
2013-05-25,6.85093721871842
2013-05-26,9.700291125808755
2013-05-27,9.303333491583668
2013-05-28,9.104211519663634
2013-05-29,8.779666114610192
2013-05-30,9.960750272312676
2013-05-31,9.790145951729992
2013-06-01,8.384181492632665
2013-06-02,9.298187243917008
2013-06-03,8.164993627714699
2013-06-04,7.808118855185772
2013-06-05,8.379663789029017
2013-06-06,9.539915457845316
2013-06-07,9.581211953932112
2013-06-08,9.197648889390766
2013-06-09,9.335492559886328
2013-06-10,9.136370091151502
2013-06-11,8.178039349163106
2013-06-12,9.004355000188214
2013-06-13,9.2665417020538
2013-06-14,9.196858702397842
2013-06-15,9.511592047578146
2013-06-16,9.093974063216866
2013-06-17,8.775202926995137
2013-06-18,9.316731531114366
2013-06-19,8.405824823480344
2013-06-20,7.687846058604978
2013-06-21,8.229079600296114
2013-06-22,7.729691910031875
2013-06-23,7.751455773860245
2013-06-24,8.141881418332748
2013-06-25,7.58938207744342
2013-06-26,7.942704275923166
2013-06-27,6.639881224903898
2013-06-28,8.291061520629937
2013-06-29,8.087008846298842
2013-06-30,7.397965975599714
2013-07-01,8.5446105285233
2013-07-02,8.732842116323871
2013-07-03,6.662315228050556
2013-07-04,7.303775711137968
2013-07-05,7.264259565438576
2013-07-06,7.093304560645982
2013-07-07,8.474506373911
2013-07-08,7.621621074738369
2013-07-09,7.530891772046351
2013-07-10,6.105311714634849
2013-07-11,8.182720398290348
2013-07-12,6.649060112666097
2013-07-13,7.6546003246259104
2013-07-14,7.794859719486961
2013-07-15,8.627915536209697
2013-07-16,6.458899319742839
2013-07-17,5.0570592898873254
2013-07-18,7.586618285404524
2013-07-19,8.846983306661702
2013-07-20,8.364943000479897
2013-07-21,7.5089105677706405
2013-07-22,6.9154664261528955
2013-07-23,7.922270615850314
2013-07-24,6.465747109828495
2013-07-25,7.593905662172043
2013-07-26,7.585664209702059
2013-07-27,7.998167246059996
2013-07-28,9.326690462427871
2013-07-29,7.4021193867260955
2013-07-30,6.650510084086273
2013-07-31,7.0069951360290235
2013-08-01,5.582255649197155
2013-08-02,6.412104713097048
2013-08-03,6.61111395318565
2013-08-04,6.490248404571025
2013-08-05,7.002705372806625
2013-08-06,6.19451951828559
2013-08-07,7.721254029274631
2013-08-08,6.796917525484712
2013-08-09,6.761990543162453
2013-08-10,6.480158597597997
2013-08-11,6.840043120614056
2013-08-12,7.349765897315937
2013-08-13,5.970168099004213
2013-08-14,6.111959989785762
2013-08-15,6.370456723204715
2013-08-16,5.512136041007073
2013-08-17,5.909239884870878
2013-08-18,6.159908192991297
2013-08-19,7.217067322872991
2013-08-20,6.704715408137523
2013-08-21,6.62709470351295
2013-08-22,7.130950287000297
2013-08-23,6.318802859123054
2013-08-24,6.720006152377882
2013-08-25,6.304462705012114
2013-08-26,6.5792137766278715
2013-08-27,5.881084676462915
2013-08-28,4.377095314541584
2013-08-29,6.20207855554483
2013-08-30,7.429554169380299
2013-08-31,7.014688065693451
2013-09-01,7.028905350254293
2013-09-02,7.228880169497903
2013-09-03,6.294811427510164
2013-09-04,6.366173984454659
2013-09-05,5.699166879003151
2013-09-06,5.925932454989928
2013-09-07,6.657449667698127
2013-09-08,7.114526105348866
2013-09-09,6.026995117379241
2013-09-10,5.766085895528008
2013-09-11,6.114900080304437
2013-09-12,6.584242239118948
2013-09-13,4.937554153832275
2013-09-14,4.245619603515617
2013-09-15,5.632629423278436
2013-09-16,5.087554493220544
2013-09-17,5.649251448624029
2013-09-18,5.929754643681286
2013-09-19,5.678173889490609
2013-09-20,7.196120923616633
2013-09-21,6.289499511754196
2013-09-22,6.263024307223982
2013-09-23,6.515537587247812
2013-09-24,5.102419807240556
2013-09-25,6.841078807734821
2013-09-26,5.946070767263292
2013-09-27,6.5405501720621855
2013-09-28,5.144754782397809
2013-09-29,4.7579004258124336
2013-09-30,6.654478409110547
2013-10-01,6.301146141405633
2013-10-02,5.27882175255421
2013-10-03,5.305769512500878
2013-10-04,6.903476985220687
2013-10-05,5.053820539489826
2013-10-06,7.322300370310413
2013-10-07,5.291067598493801
2013-10-08,6.5262691216508415
2013-10-09,5.757240229226106
2013-10-10,6.507851060077901
2013-10-11,5.595761164804462
2013-10-12,5.907152734598946
2013-10-13,6.0770386573052635
2013-10-14,5.250049125029981
2013-10-15,6.652531632633087
2013-10-16,5.657949271513021
2013-10-17,5.894860499983383
2013-10-18,5.292050847129379
2013-10-19,4.048020040373444
2013-10-20,5.955985015065579
2013-10-21,8.050380221406542
2013-10-22,6.760008972672569
2013-10-23,6.129508329054091
2013-10-24,5.947744761200116
2013-10-25,6.18971673787897
2013-10-26,6.623667666534896
2013-10-27,5.256088008448438
2013-10-28,7.107494662816
2013-10-29,6.804170032466267
2013-10-30,6.822765170277862
2013-10-31,6.615867881588588
2013-11-01,6.298165409603586
2013-11-02,6.8386548057184005
2013-11-03,6.792214495724147
2013-11-04,6.054426178515565
2013-11-05,5.89816547507765
2013-11-06,6.458406918194868
2013-11-07,7.636493944846796
2013-11-08,5.426823025963324
2013-11-09,5.265388085256495
2013-11-10,6.592979019221337
2013-11-11,6.52409854452769
2013-11-12,6.644729156103216
2013-11-13,6.724328512398829
2013-11-14,6.374150119700331
2013-11-15,7.768577506318116
2013-11-16,5.3203601631154935
2013-11-17,5.963096845728469
2013-11-18,6.56850895421487
2013-11-19,5.362179714592108
2013-11-20,6.56205735438438
2013-11-21,8.05831153080206
2013-11-22,6.772615693755033
2013-11-23,6.967606984344695
2013-11-24,5.802414813940408
2013-11-25,6.345310326660815
2013-11-26,6.566439383158614
2013-11-27,6.6409572962597725
2013-11-28,7.949304692926416
2013-11-29,7.399321633848999
2013-11-30,6.093491746746166
2013-12-01,7.209652722425649
2013-12-02,7.441109718565852
2013-12-03,7.98501868901131
2013-12-04,8.367973865773877
2013-12-05,6.322373461436841
2013-12-06,6.516926785807096
2013-12-07,6.19096173445636
2013-12-08,7.041457300227201
2013-12-09,7.633637613775722
2013-12-10,8.082515368918537
2013-12-11,7.264193381897755
2013-12-12,7.101582658011395
2013-12-13,7.511563944486413
2013-12-14,6.754920812934762
2013-12-15,9.127714662287609
2013-12-16,6.203164588073177
2013-12-17,7.67044693110468
2013-12-18,9.175041949375379
2013-12-19,7.59523087591076
2013-12-20,7.471515352312316
2013-12-21,7.3714573733887025
2013-12-22,7.547069013261512
2013-12-23,8.823721235514693
2013-12-24,5.990094381137689
2013-12-25,9.020543566142189
2013-12-26,6.688904680564991
2013-12-27,7.6490732830078265
2013-12-28,7.553365129314562
2013-12-29,8.401999392571085
2013-12-30,6.687073806181331
2013-12-31,8.369738132865557
2014-01-01,9.653874410941151
2014-01-02,6.978304019571242
2014-01-03,8.255004268534824
2014-01-04,7.608019111367351
2014-01-05,8.512639362429322
2014-01-06,8.22152161682747
2014-01-07,7.727226562563257
2014-01-08,8.66485537212339
2014-01-09,9.752096129157955
2014-01-10,8.189863254981116
2014-01-11,8.952259773405034
2014-01-12,7.375590633440307
2014-01-13,7.678693924553924
2014-01-14,8.855270554316203
2014-01-15,9.697999413061146
2014-01-16,8.828406994096738
2014-01-17,8.326518441342694
2014-01-18,8.609275573651262
2014-01-19,7.642213136208954
2014-01-20,9.158658060272518
2014-01-21,9.41321869421147
2014-01-22,8.377776819514883
2014-01-23,8.395293094279612
2014-01-24,9.015678562133584
2014-01-25,8.485011416392156
2014-01-26,8.812645093400205
2014-01-27,10.576236114814034
2014-01-28,8.729479981208904
2014-01-29,8.6707955586146
2014-01-30,8.469517655811828
2014-01-31,9.612695464904158
2014-02-01,8.901851876156618
2014-02-02,8.55651191241946
2014-02-03,10.16191385215365
2014-02-04,10.269085916193145
2014-02-05,8.681261694316637
2014-02-06,7.696221412833034
2014-02-07,10.02296469209979
2014-02-08,8.696389636273732
2014-02-09,9.90336508111057
2014-02-10,7.721176067900495
2014-02-11,10.037347107124004
2014-02-12,8.379949694241267
2014-02-13,9.958716829700554
2014-02-14,9.410335108372442
2014-02-15,8.660161709046232
2014-02-16,9.1216590262504
2014-02-17,10.019888811493331
2014-02-18,9.578659737885298
2014-02-19,9.984142001335112
2014-02-20,11.119982121380264
2014-02-21,8.309198412772709
2014-02-22,10.875661373488455
2014-02-23,9.686206926367923
2014-02-24,8.904050879356218
2014-02-25,8.578702206013636
2014-02-26,9.511044940109988
2014-02-27,10.418556900808523
2014-02-28,9.597594886753027
2014-03-01,10.926451860749484
2014-03-02,8.573972157417947
2014-03-03,9.742112252011642
2014-03-04,8.766220264356232
2014-03-05,10.074868199019072
2014-03-06,10.508771651382327
2014-03-07,9.47741819066043
2014-03-08,7.744884891068959
2014-03-09,10.001101092870464
2014-03-10,10.2044742085452
2014-03-11,10.19111026161521
2014-03-12,10.868337869341515
2014-03-13,9.034349831135046
2014-03-14,10.446285916950666
2014-03-15,10.866475663166192
2014-03-16,8.499389500539388
2014-03-17,10.187201336044891
2014-03-18,9.536783978896876
2014-03-19,9.882982771863524
2014-03-20,10.233837869841983
2014-03-21,9.572830089252376
2014-03-22,9.428381170174895
2014-03-23,10.002020818778393
2014-03-24,9.110068239084464
2014-03-25,9.115784315727716
2014-03-26,10.531934440153107
2014-03-27,9.072802764167433
2014-03-28,10.527699946943681
2014-03-29,10.36694387659429
2014-03-30,8.61785463944689
2014-03-31,9.457485282091257
2014-04-01,10.955269001910278
2014-04-02,9.21490089239773
2014-04-03,9.627569151527204
2014-04-04,10.367408145771584
2014-04-05,10.622546729156861
2014-04-06,9.792086694672744
2014-04-07,9.512202466448082
2014-04-08,11.124409587893634
2014-04-09,11.373347859024973
2014-04-10,10.760441621090116
2014-04-11,10.04015081397968
2014-04-12,9.319240526647224
2014-04-13,9.294871858045727
2014-04-14,10.370032385477343
2014-04-15,10.27895496996907
2014-04-16,11.057154440405272
2014-04-17,10.447301171157209
2014-04-18,8.714971392566738
2014-04-19,10.748920087439227
2014-04-20,9.098274658172814
2014-04-21,9.578345269218959
2014-04-22,10.073922857592217
2014-04-23,11.457981853903132
2014-04-24,12.336516289190477
2014-04-25,10.320545699427733
2014-04-26,9.674651965212123
2014-04-27,10.234316123433809
2014-04-28,10.501802922168887
2014-04-29,9.519580544813232
2014-04-30,11.19619349267693
2014-05-01,9.927469244771766
2014-05-02,10.124478727372939
2014-05-03,10.241383741143224
2014-05-04,10.027767403197691
2014-05-05,10.343003359212963
2014-05-06,9.158905848210281
2014-05-07,9.186434699735008
2014-05-08,8.732836506264533
2014-05-09,9.943966712061414
2014-05-10,10.19444891296712
2014-05-11,9.91598637565559
2014-05-12,10.867371172259116
2014-05-13,9.50085684000078
2014-05-14,10.017437346171203
2014-05-15,8.585754407261524
2014-05-16,9.125674065372404
2014-05-17,9.967597426266979
2014-05-18,10.06584414236847
2014-05-19,9.126373260822687
2014-05-20,9.278848326940613
2014-05-21,8.096013717073523
2014-05-22,8.99848606582784
2014-05-23,9.969832160007497
2014-05-24,9.690733212811908
2014-05-25,9.603780703554813
2014-05-26,9.215389454329715
2014-05-27,9.15319506271119
2014-05-28,8.590921613241594
2014-05-29,9.64954361324333
2014-05-30,9.398238451835379
2014-05-31,9.425739860425944
2014-06-01,8.581655752757488
2014-06-02,7.2498710783203855
2014-06-03,9.820041184750684
2014-06-04,8.528743422210193
2014-06-05,8.190816957466494
2014-06-06,9.404783809470304
2014-06-07,8.505101805695938
2014-06-08,9.63512966055023
2014-06-09,9.249020690069287
2014-06-10,9.270282920019916
2014-06-11,7.59846005638104
2014-06-12,9.628372152758182
2014-06-13,8.835214506858739
2014-06-14,8.29800392715002
2014-06-15,8.675172124272233
2014-06-16,7.106342799137359
2014-06-17,8.820966610146407
2014-06-18,7.637114133915566
2014-06-19,7.344905602204764
2014-06-20,7.1754584306128395
2014-06-21,9.249683871443064
2014-06-22,7.822203310922803
2014-06-23,9.51858056177295
2014-06-24,7.8288551844633245
2014-06-25,6.857431648169032
2014-06-26,7.295853947675471
2014-06-27,9.143422254472478
2014-06-28,7.995708012382251
2014-06-29,7.647414628816581
2014-06-30,8.179651461136496
2014-07-01,8.418640182711412
2014-07-02,8.876705058944593
2014-07-03,9.107162503460076
2014-07-04,7.62614061735967
2014-07-05,6.818735296402784
2014-07-06,7.514454912634452
2014-07-07,8.01915090563191
2014-07-08,7.005674844788123
2014-07-09,6.976782913178805
2014-07-10,7.983431911400159
2014-07-11,7.635464092866607
2014-07-12,7.666704424878145
2014-07-13,6.999857952652793
2014-07-14,7.388637597755794
2014-07-15,6.800002144124132
2014-07-16,8.21811436793796
2014-07-17,8.300868482322988
2014-07-18,5.962588359811093
2014-07-19,6.662965673299091
2014-07-20,6.176562514056283
2014-07-21,6.8211638880254215
2014-07-22,7.242024998826245
2014-07-23,6.1168563627816415
2014-07-24,6.50709621909182
2014-07-25,6.4096535490218685
2014-07-26,7.347101945887912
2014-07-27,7.205474789689892
2014-07-28,6.541572388629207
2014-07-29,7.2296433106946
2014-07-30,6.62033691698246
2014-07-31,6.810130497521777
2014-08-01,8.336278045347278
2014-08-02,8.040244059400573
2014-08-03,5.898874914134055
2014-08-04,7.573305057222038
2014-08-05,7.529938718772922
2014-08-06,5.933844833189257
2014-08-07,7.479451610418942
2014-08-08,8.027097408280197
2014-08-09,5.871394955077813
2014-08-10,6.008472113996921
2014-08-11,7.530019747001675
2014-08-12,6.906883534242348
2014-08-13,7.105053291764552
2014-08-14,6.910924554166365
2014-08-15,6.925994282968562
2014-08-16,5.527655077136778
2014-08-17,7.402500337945236
2014-08-18,7.476556885769243
2014-08-19,6.334043383048386
2014-08-20,6.459884785084894
2014-08-21,5.247336772374337
2014-08-22,6.8616357220801865
2014-08-23,6.886346243213887
2014-08-24,6.357881458835321
2014-08-25,7.286522795254513
2014-08-26,6.099662112324217
2014-08-27,6.798976343267061
2014-08-28,5.512417570209035
2014-08-29,6.290660164594483
2014-08-30,6.151872254178078
2014-08-31,6.45396208153293
2014-09-01,5.960965819514669
2014-09-02,6.1347975155155945
2014-09-03,6.8847230918942195
2014-09-04,5.858910028739609
2014-09-05,4.908026714759687
2014-09-06,7.578457863175904
2014-09-07,7.269996010833603
2014-09-08,5.117608399529319
2014-09-09,6.690318382120196
2014-09-10,5.723857490968062
2014-09-11,6.325267485484007
2014-09-12,6.338656143186451
2014-09-13,5.905111766486051
2014-09-14,5.45555183355629
2014-09-15,5.520626061018695
2014-09-16,5.331170901566877
2014-09-17,5.390305840157522
2014-09-18,5.994236266695779
2014-09-19,5.468164625420419
2014-09-20,6.579788548610131
2014-09-21,7.217900624341081
2014-09-22,5.558602226439285
2014-09-23,6.209295472441393
2014-09-24,6.413234389707519
2014-09-25,6.3873911945340245
2014-09-26,6.067446410824529
2014-09-27,6.598311612956993
2014-09-28,6.388039730974459
2014-09-29,5.010777500763447
2014-09-30,6.695491534201944
2014-10-01,6.709851190341014
2014-10-02,5.389834112697352
2014-10-03,6.031850245878715
2014-10-04,6.549792351937727
2014-10-05,5.837898998120199
2014-10-06,6.866544445918452
2014-10-07,7.902662181907585
2014-10-08,5.38676675505615
2014-10-09,4.915299327302274
2014-10-10,6.268355991695928
2014-10-11,6.60830237059673
2014-10-12,5.852693960380966
2014-10-13,7.206911847645514
2014-10-14,4.980914449876559
2014-10-15,6.614207054722275
2014-10-16,5.583831468083175
2014-10-17,7.453242757221235
2014-10-18,7.681542629350683
2014-10-19,5.484561697183015
2014-10-20,5.66916151641885
2014-10-21,6.807958193700051
2014-10-22,5.822621022522538
2014-10-23,6.108587658495816
2014-10-24,6.178368161000659
2014-10-25,4.636005498671207
2014-10-26,6.174902177519338
2014-10-27,5.648956041444174
2014-10-28,5.821539049161085
2014-10-29,7.386770582888324
2014-10-30,5.243011074288108
2014-10-31,6.915651439939188
2014-11-01,6.0593017391829465
2014-11-02,6.076557682148278
2014-11-03,6.951060705572413
2014-11-04,6.609699782923497
2014-11-05,6.813537291170795
2014-11-06,7.151469610411567
2014-11-07,6.132231117103988
2014-11-08,5.928319298880244
2014-11-09,5.5712878766122085
2014-11-10,5.80084192224896
2014-11-11,8.842663923289855
2014-11-12,7.501799489196319
2014-11-13,5.448306461105611
2014-11-14,5.494745558013319
2014-11-15,6.962179604811243
2014-11-16,7.038895183799079
2014-11-17,7.065001533806557
2014-11-18,6.4471481274911495
2014-11-19,6.5763673555131215
2014-11-20,6.965044497257523
2014-11-21,6.7978498032543095
2014-11-22,4.980466204920235
2014-11-23,6.599206555309593
2014-11-24,6.1294214786702215
2014-11-25,6.978568588219207
2014-11-26,9.254803689500491
2014-11-27,7.189114706044203
2014-11-28,6.673165907985483
2014-11-29,7.690609986850701
2014-11-30,7.368808422063161
2014-12-01,7.348524492041518
2014-12-02,7.5280127943409605
2014-12-03,8.71813431005793
2014-12-04,6.198830568258446
2014-12-05,7.5133544763483
2014-12-06,6.424507890790135
2014-12-07,7.641434138661852
2014-12-08,6.49372397832391
2014-12-09,6.926657463334586
2014-12-10,7.056575824256931
2014-12-11,8.105607576287541
2014-12-12,8.092224231769201
2014-12-13,6.3935836495303136
2014-12-14,7.46698242303866
2014-12-15,6.888419801132451
2014-12-16,6.482489481227357
2014-12-17,7.3490408276486034
2014-12-18,7.309370743227011
2014-12-19,9.53116418933918
2014-12-20,7.969914440602069
2014-12-21,6.555319711033654
2014-12-22,7.239563155334684
2014-12-23,8.542549092116989
2014-12-24,9.430338128497235
2014-12-25,6.525009955314762
2014-12-26,6.324130894413871
2014-12-27,9.359167286692784
2014-12-28,8.208452007450216
2014-12-29,7.236522591253415
2014-12-30,8.393276556586278
2014-12-31,5.891401808786499
2015-01-01,8.037127117589398
2015-01-02,8.33110016151996
2015-01-03,8.842655446076773
2015-01-04,7.326488091770608
2015-01-05,8.24047932659758
2015-01-06,7.465863694047199
2015-01-07,8.444723094338158
2015-01-08,7.558280486336111
2015-01-09,7.9821369700003855
2015-01-10,7.545933972530772
2015-01-11,8.897362413145414
2015-01-12,9.09696989306257
2015-01-13,8.2561465700424
2015-01-14,8.507935927979924
2015-01-15,7.3518334585255385
2015-01-16,8.30417499666278
2015-01-17,8.536801172127822
2015-01-18,10.70647692213656
2015-01-19,7.7529657027653975
2015-01-20,9.846387590190176
2015-01-21,9.504839263125389
2015-01-22,8.963958209373455
2015-01-23,10.17822319984332
2015-01-24,9.100660356497436
2015-01-25,9.145714561758977
2015-01-26,8.823054662686827
2015-01-27,9.875313789415724
2015-01-28,9.804275928854409
2015-01-29,8.456925850234608
2015-01-30,7.932153344640941
2015-01-31,8.854957377787683
2015-02-01,8.406800363212982
2015-02-02,9.025190683384317
2015-02-03,10.09482113408255
2015-02-04,8.767562188512803
2015-02-05,9.127341841858343
2015-02-06,9.235871561768244
2015-02-07,9.89569844599448
2015-02-08,7.446582029694051
2015-02-09,8.785504365968118
2015-02-10,9.466286075893542
2015-02-11,10.283332401626046
2015-02-12,8.955365279660928
2015-02-13,7.872863369613835
2015-02-14,9.894685810876203
2015-02-15,8.915023333503045
2015-02-16,8.495554749319536
2015-02-17,8.971357734157392
2015-02-18,9.346323889268431
2015-02-19,9.032815885326555
2015-02-20,7.77437680808862
2015-02-21,10.278244659651257
2015-02-22,10.601791346536533
2015-02-23,10.123939769420957
2015-02-24,8.712929581674867
2015-02-25,9.481759879446814
2015-02-26,9.657124200548049
2015-02-27,10.160272322918484
2015-02-28,10.23430657402952
2015-03-01,9.13018887752881
2015-03-02,9.800509154590042
2015-03-03,10.117607733980678
2015-03-04,10.932792877604141
2015-03-05,10.347567924778875
2015-03-06,10.430507089204902
2015-03-07,9.881088927948761
2015-03-08,10.95662329253347
2015-03-09,10.169752812200866
2015-03-10,9.166213039019537
2015-03-11,10.990370433746003
2015-03-12,10.438034733915012
2015-03-13,9.5367575579515
2015-03-14,9.518518658670912
2015-03-15,10.14973008929642
2015-03-16,10.292807403958669
2015-03-17,10.089313687814675
2015-03-18,10.189174782457322
2015-03-19,11.308166810005947
2015-03-20,10.812931204799222
2015-03-21,10.115121413555238
2015-03-22,10.72199609811817
2015-03-23,9.14867976196594
2015-03-24,10.298206630132153
2015-03-25,11.431889498622352
2015-03-26,9.813999097474005
2015-03-27,9.31373084939909
2015-03-28,9.472978835341863
2015-03-29,9.125164412437218
2015-03-30,9.370690495977204
2015-03-31,9.703130525087758
2015-04-01,8.875527864129467
2015-04-02,10.012327984469158
2015-04-03,10.720914300404033
2015-04-04,9.27155448705253
2015-04-05,11.211261460644199
2015-04-06,10.401951474330415
2015-04-07,10.814675090700641
2015-04-08,9.46024605545312
2015-04-09,10.665848309640202
2015-04-10,9.103808060148431
2015-04-11,10.684094300596868
2015-04-12,10.10332457579479
2015-04-13,10.401828359278806
2015-04-14,9.011545416764855
2015-04-15,9.228180519436838
2015-04-16,10.413658140650837
2015-04-17,9.168262693748938
2015-04-18,10.288000667653892
2015-04-19,8.813651748092695
2015-04-20,10.575262530157678
2015-04-21,8.899503634966033
2015-04-22,10.315602642734481
2015-04-23,10.361952608992759
2015-04-24,9.291163989642527
2015-04-25,10.300788505786567
2015-04-26,10.029563070855277
2015-04-27,9.375638119695179
2015-04-28,8.98483483420885
2015-04-29,8.206014091920922
2015-04-30,10.039744445786827
2015-05-01,8.491570420329
2015-05-02,9.80255961565287
2015-05-03,9.497885766633855
2015-05-04,10.233812335056683
2015-05-05,9.430214559245382
2015-05-06,9.389150168370145
2015-05-07,10.21857266632247
2015-05-08,9.881006315909183
2015-05-09,9.845290493311454
2015-05-10,9.94671378200425
2015-05-11,8.321310384168397
2015-05-12,10.13320816957067
2015-05-13,9.9953086902749
2015-05-14,8.669097518835995
2015-05-15,9.263850729233614
2015-05-16,9.40390799724982
2015-05-17,9.30356979269297
2015-05-18,9.653650427028783
2015-05-19,10.506640244418978
2015-05-20,10.20154111056533
2015-05-21,8.260537359673046
2015-05-22,9.781765418717967
2015-05-23,10.320672284819997
2015-05-24,9.540016016478019
2015-05-25,10.076032466598619
2015-05-26,10.78538686114556
2015-05-27,9.966512172694234
2015-05-28,9.318625401333735
2015-05-29,9.926551656349105
2015-05-30,9.17737036280138
2015-05-31,9.05124721665967
2015-06-01,8.721352238320566
2015-06-02,10.223276101283068
2015-06-03,8.287576082594127
2015-06-04,10.13770756675941
2015-06-05,9.280928867693287
2015-06-06,7.7305557400975555
2015-06-07,9.11283135202438
2015-06-08,7.107159347191633
2015-06-09,9.255822343872758
2015-06-10,9.431612647850727
2015-06-11,8.217339860819825
2015-06-12,8.757655121213526
2015-06-13,10.189540028871882
2015-06-14,8.188828275137434
2015-06-15,7.713335280753151
2015-06-16,9.712661707426093
2015-06-17,10.064114113386507
2015-06-18,8.463567877939502
2015-06-19,9.236212259206276
2015-06-20,9.466526512011857
2015-06-21,7.765545785420417
2015-06-22,7.937369357582739
2015-06-23,9.27629800436354
2015-06-24,9.60550777787197
2015-06-25,8.673622702382874
2015-06-26,7.485222016832755
2015-06-27,9.74442184782648
2015-06-28,7.695649836482014
2015-06-29,7.8179342410719
2015-06-30,8.325507148045963
2015-07-01,9.260542330349196
2015-07-02,8.665966787464402
2015-07-03,8.280255519835263
2015-07-04,8.284586358085424
2015-07-05,7.914385180183188
2015-07-06,8.291738653147878
2015-07-07,5.7872784382101585
2015-07-08,7.5393960185007725
2015-07-09,7.9355611930282635
2015-07-10,6.7875903392646455
2015-07-11,7.983444628372215
2015-07-12,7.476889851759979
2015-07-13,9.01103477906524
2015-07-14,8.831373949292294
2015-07-15,7.166744204244246
2015-07-16,7.385285469784773
2015-07-17,7.413510962057272
2015-07-18,7.07821106867387
2015-07-19,7.562594348675521
2015-07-20,6.767160263018274
2015-07-21,6.436690767600918
2015-07-22,7.806944353778748
2015-07-23,7.780196205917914
2015-07-24,6.601131461864076
2015-07-25,7.929103791297147
2015-07-26,6.6760258990364925
2015-07-27,7.352531510491277
2015-07-28,7.7752376413889746
2015-07-29,7.061296561220111
2015-07-30,7.421473714365179
2015-07-31,6.614310870672562
2015-08-01,6.840343106365971
2015-08-02,6.803187673264023
2015-08-03,6.3412772264439425
2015-08-04,6.768099792426073
2015-08-05,5.6419268360886505
2015-08-06,6.459532466477667
2015-08-07,6.596529100719317
2015-08-08,6.59180807155385
2015-08-09,6.576232843376721
2015-08-10,6.693063010920228
2015-08-11,7.099443787995725
2015-08-12,7.3893009448878475
2015-08-13,6.14406009009432
2015-08-14,5.675892496734652
2015-08-15,5.779802016431564
2015-08-16,6.199070442829703
2015-08-17,6.2831091183948695
2015-08-18,5.924888038869059
2015-08-19,5.480662646902893
2015-08-20,6.129769682956633
2015-08-21,6.617364070510091
2015-08-22,6.926255489934371
2015-08-23,5.982761847355914
2015-08-24,6.077236014720023
2015-08-25,5.645681460280262
2015-08-26,6.341772560808348
2015-08-27,5.668548695199529
2015-08-28,6.786651291755687
2015-08-29,4.880808691746584
2015-08-30,6.003651922538376
2015-08-31,6.514601615253571
2015-09-01,6.40365497563936
2015-09-02,8.394402523237327
2015-09-03,6.503725374395341
2015-09-04,5.405077741056575
2015-09-05,6.116916997679373
2015-09-06,4.757793673038407
2015-09-07,6.100352948443804
2015-09-08,5.4849737100132065
2015-09-09,6.87086435837217
2015-09-10,5.686605087732709
2015-09-11,6.0210649805829615
2015-09-12,5.594830566852133
2015-09-13,7.483719088221774
2015-09-14,5.8255701531310775
2015-09-15,7.539104537655064
2015-09-16,6.715445843646485
2015-09-17,6.441416988610187
2015-09-18,6.342965416589279
2015-09-19,6.355810455282022
2015-09-20,4.492008832563547
2015-09-21,5.804996984751734
2015-09-22,6.6987711964827765
2015-09-23,5.978654125233806
2015-09-24,4.889334424022311
2015-09-25,5.96786581733663
2015-09-26,7.369966609496053
2015-09-27,7.001679050696991
2015-09-28,5.952637361337108
2015-09-29,6.762066860271754
2015-09-30,5.706961066396083
2015-10-01,4.636921251066244
2015-10-02,5.260890205536574
2015-10-03,7.251810992327192
2015-10-04,5.7839346922254276
2015-10-05,5.810642870283674
2015-10-06,5.768291450685737
2015-10-07,7.534873457870502
2015-10-08,7.316322713453786
2015-10-09,7.795159196583802
2015-10-10,5.898064946891986
2015-10-11,6.267551957493492
2015-10-12,4.8240730199201485
2015-10-13,7.225850857883306
2015-10-14,5.11757544864081
2015-10-15,6.23329260730709
2015-10-16,5.190678102584014
2015-10-17,5.606646970864441
2015-10-18,5.417720401976428
2015-10-19,5.611586758869039
2015-10-20,5.677509062626531
2015-10-21,5.681672848176147
2015-10-22,6.798992671778396
2015-10-23,5.261026398391591
2015-10-24,6.334490566177824
2015-10-25,7.14611134547378
2015-10-26,5.775415282784011
2015-10-27,5.626403148097432
2015-10-28,6.0316176069367025
2015-10-29,7.17564514680184
2015-10-30,6.4035026944741995
2015-10-31,5.840115854854727
2015-11-01,6.669573404398825
2015-11-02,5.418532097075806
2015-11-03,6.863850797085402
2015-11-04,6.664544593429799
2015-11-05,6.1108001164840635
2015-11-06,5.706053243227493
2015-11-07,5.687933085823881
2015-11-08,6.8459625555631725
2015-11-09,7.422592699849697
2015-11-10,5.951324148609088
2015-11-11,6.850097745884063
2015-11-12,4.836434209725234
2015-11-13,6.0614717695462685
2015-11-14,6.5278647771114535
2015-11-15,5.848940021850983
2015-11-16,5.851878246065029
2015-11-17,6.091670820377557
2015-11-18,6.884866944995207
2015-11-19,6.526867548790342
2015-11-20,4.912155891270059
2015-11-21,5.032575276111592
2015-11-22,6.270414360832524
2015-11-23,7.149195528612589
2015-11-24,4.612542751898284
2015-11-25,6.438615312171093
2015-11-26,6.4455982022038265
2015-11-27,8.005799596231517
2015-11-28,6.615972207553111
2015-11-29,7.259559973061642
2015-11-30,7.0956638243657615
2015-12-01,5.307995715834284
2015-12-02,7.657098093073814
2015-12-03,7.2452166625593275
2015-12-04,7.51015622825885
2015-12-05,10.275438980048198
2015-12-06,5.4983224431764945
2015-12-07,8.57678134139694
2015-12-08,6.998715171992501
2015-12-09,7.490414037741061
2015-12-10,7.256237959406262
2015-12-11,6.9855651340933385
2015-12-12,6.901594334024264
2015-12-13,7.653764539145828
2015-12-14,6.209296176901438
2015-12-15,8.056547018949201
2015-12-16,7.156337885859421
2015-12-17,6.618598996755813
2015-12-18,7.196146687595015
2015-12-19,8.59551037375282
2015-12-20,7.1952785107005335
2015-12-21,7.94417660620474
2015-12-22,7.10661733809906
2015-12-23,8.331779935712365
2015-12-24,8.307990101233457
2015-12-25,9.272683671742259
2015-12-26,7.687619246125735
2015-12-27,8.397318990201683
2015-12-28,7.975214697184647
2015-12-29,8.96785420224492
2015-12-30,7.390507377601345
2015-12-31,8.596004250301826
2016-01-01,7.878668875418324
